Date,Close/Last,Volume,Open,High,Low
01/20/2022,94,23615,92.35,94.475,91.475
01/19/2022,91.35,19667,89.325,91.4,89.025
01/18/2022,89.275,15574,88.475,89.4,88.05
01/14/2022,88.45,17073,86.225,88.6,86.025
01/13/2022,85.325,18229,85.425,85.925,84.025
01/12/2022,85.4,17876,84.45,85.85,83.7
01/11/2022,84.2,22171,84.625,85.025,83.6
01/10/2022,78.375,27943,79.775,79.9,78.225
01/07/2022,79.65,29624,83.075,83.075,79.275
01/06/2022,82.95,22101,82.7,84.05,82.6
01/05/2022,82.275,19285,80.675,82.475,80.35
01/04/2022,80.15,22891,80.775,82.3,80
01/03/2022,81.125,11736,81.525,82,80.875
12/31/2021,81.475,12781,83.25,83.55,81.2
12/30/2021,82.7,10355,83.2,83.825,82.375
12/29/2021,83.825,13780,82.775,84.225,82.575
12/28/2021,82.625,12706,82.525,83.25,82.275
12/27/2021,83.65,9542,84.275,84.65,83.025
12/23/2021,83.225,10211,83.35,83.925,82.875
12/22/2021,83.35,16073,82.55,83.6,82.45
12/21/2021,82.425,23840,79.55,82.775,79.275
12/20/2021,79.475,12384,80.275,80.275,79.175
12/17/2021,80.8,14793,81.1,81.475,80.15
12/16/2021,80.35,11311,79.675,80.8,79.6
12/15/2021,79.325,11252,79.65,80.075,78.675
12/14/2021,80.075,10846,80.75,81.1,79.5
12/13/2021,80.75,13041,80.625,81.225,80.2
12/10/2021,81.025,21104,78,81.15,77.4
12/09/2021,77.825,14695,77,78.05,75.95
12/08/2021,76.05,18086,76.45,77.05,75.35
12/07/2021,76.55,24483,78.25,78.875,76.125
12/06/2021,78.225,20164,80.875,80.925,78.175
12/03/2021,81.5,13458,82.7,82.7,81.2
12/02/2021,82,19372,80.275,82.7,78.95
12/01/2021,80.125,16574,80.55,80.65,79.25
11/30/2021,79.975,27056,80.45,81.25,78.675
11/29/2021,80.925,14596,81.975,82.025,80.75
11/26/2021,81.025,16823,83.75,84.675,80.425
11/24/2021,84.25,16116,83.625,84.475,83.325
11/23/2021,83.275,10321,83.3,83.5,82.325
11/22/2021,83.025,10783,82.475,83.375,81.625
11/19/2021,82.475,14759,83.3,83.725,82.375
11/18/2021,83.3,16586,82.7,83.65,82.65
11/17/2021,83.15,16962,82.2,83.475,82.125
11/16/2021,83.375,17811,81,83.425,80.725
11/15/2021,81.175,11939,80.55,81.275,79.875
11/12/2021,80.55,19638,79.375,80.9,79.175
11/11/2021,79.075,16101,78.9,79.825,78.625
11/10/2021,75.7,27570,74.5,75.875,73.7
11/09/2021,74.95,23642,76.4,76.4,74.875
11/08/2021,76.375,17766,77.2,77.325,75.875
11/05/2021,76.55,21933,77.8,77.85,76.275
11/04/2021,77.875,21786,77,78.225,77
11/03/2021,75.95,16389,75.05,76.05,74.5
11/02/2021,74.25,18591,75.675,76.3,74.075
11/01/2021,76.15,16689,76.7,76.9,75.45
10/29/2021,76.075,22572,75.3,77.25,73.8
10/28/2021,75.2,21874,72.425,75.375,71.8
10/27/2021,71.975,15610,73.3,73.3,71.775
10/26/2021,72.575,14553,73.5,73.825,72.525
10/25/2021,74.2,11035,73.75,74.5,73.475
10/22/2021,73.325,16839,73.2,74.2,72.875
10/21/2021,73.2,22864,75.775,75.775,73.1
10/20/2021,76.025,18612,77.2,78.275,75.925
10/19/2021,77.4,11374,78.5,78.75,77.275
10/18/2021,78.75,10966,77.6,79.475,77.4
10/15/2021,78.275,12807,77.85,78.825,77.4
10/14/2021,77.325,13913,78.2,78.95,77.25
10/13/2021,78.15,15091,77.8,78.525,77.6
10/12/2021,78.175,18145,80,80,78.05
10/11/2021,80.175,16183,80.8,81.15,79.425
10/08/2021,81.5,12467,82.25,82.85,81.425
10/07/2021,82.025,14354,82.725,82.75,81.325
10/06/2021,81.725,16028,81.475,82.15,80.55
10/05/2021,82.55,18463,83.125,83.525,81.575
10/04/2021,83.1,20377,84.925,85.2,82.8
10/01/2021,85.175,14476,85.525,85.65,84.7
09/30/2021,85.4,22156,84.85,85.675,84.55
09/29/2021,83.6,19071,82.7,84,82.7
09/28/2021,83.575,27140,81.7,83.975,81.075
09/27/2021,81.55,17027,79.8,81.55,79.75
09/24/2021,76.8,11288,76.5,77.2,75.65
09/23/2021,76.5,16883,74.35,76.675,74.1
09/22/2021,73.375,7376,73.4,74.925,72.5
09/21/2021,73.6,16560,74.225,74.225,71.7
09/20/2021,74.225,15834,73.975,75.225,71.5
09/17/2021,75.05,14643,74.3,75.375,72.675
09/16/2021,74.45,21789,72.825,74.85,71.275
09/15/2021,72.25,21930,72.575,73.05,71.7
09/14/2021,72.175,25972,73.6,74.2,72.025
09/13/2021,73.375,27416,76.125,76.425,73.125
09/10/2021,76.1,28738,79.775,80.025,75.775
09/09/2021,85.475,32077,87.95,88.25,85.25
09/08/2021,87.375,25971,88.1,89.35,87.25
09/07/2021,88.1,18450,89.975,89.975,88
09/03/2021,89.575,11564,89.85,90.175,89.375
09/02/2021,89.85,13812,89.65,90.375,89.25
09/01/2021,90.15,18370,89.35,90.9,89.325
08/31/2021,88.8,17031,89.575,89.575,88.375
08/30/2021,90.15,15691,91.425,91.425,89.4
08/27/2021,90.725,21630,88.325,90.9,88.325
08/26/2021,87.9,13515,88.9,89.5,87.6
08/25/2021,88.75,15019,87,89.225,86.75
08/24/2021,86.975,15802,86.675,87.975,86.05
08/23/2021,87.475,15499,88.65,89.45,86.975
08/20/2021,88.625,16648,87.6,89.775,87.4
08/19/2021,86.925,16595,88.65,89.2,86.6
08/18/2021,89.1,12298,88.4,89.25,87.775
08/17/2021,87.9,12642,88.275,88.575,87.55
08/16/2021,89,19494,87.25,89.3,87.25
08/13/2021,86.525,13793,86.3,86.875,84.5
08/12/2021,86.475,14282,85.85,87.125,85.85
08/11/2021,85.85,17549,83.9,86.1,83.875
08/10/2021,83.875,21346,84.6,85.2,83.325
08/09/2021,84.6,14758,87.2,87.575,84.6
08/06/2021,87.6,19831,86.775,87.85,85.625
08/05/2021,87.125,12967,89.675,89.7,87.125
08/04/2021,90.125,13175,91.3,91.725,89.975
08/03/2021,91.375,16329,90.125,91.55,89.775
08/02/2021,89.5,11367,88.2,89.825,88.2
07/30/2021,88.025,14491,88.925,89.375,87.275
07/29/2021,88.975,15001,88.5,90.875,88.5
07/28/2021,89.525,14412,92.25,92.375,89.525
07/27/2021,92.525,11944,93.1,94.05,92.225
07/26/2021,93.1,11955,92.65,93.275,91.625
07/23/2021,92.625,13261,91.425,93.4,91.3
07/22/2021,91.725,15935,92.55,92.85,90.4
07/21/2021,92.4,14106,91.2,92.45,91.175
07/20/2021,91.025,12881,89.375,91.2,89.15
07/19/2021,89.375,12945,90.45,91,89.075
07/16/2021,90.75,11123,89.95,90.9,89.65
07/15/2021,89.4,13259,88.6,90.05,87.675
07/14/2021,89.225,17929,89.625,90.575,89.05
07/13/2021,89.375,18027,87.65,89.475,87.375
07/12/2021,87.325,21511,86.25,87.55,85.95
07/09/2021,101.575,21031,101.2,101.975,100.6
07/08/2021,100.375,21359,101.225,101.7,99.775
07/07/2021,100.4,16795,102.05,102.725,100.1
07/06/2021,102.35,22986,100.275,102.85,100.275
07/02/2021,100.225,18726,100.85,102,98.1
07/01/2021,100.3,24386,104.225,105.6,100.25
06/30/2021,103.25,16046,103.625,104.6,101.85
06/29/2021,103.625,16806,103.7,104.175,102.55
06/28/2021,102.775,15921,100.375,102.775,99.975
06/25/2021,99.775,18278,98.7,101.8,98.5
06/24/2021,98.7,33314,99.975,100.475,96.5
06/23/2021,100.725,20638,102.725,103.075,100.7
06/22/2021,103.7,17314,103.55,106.7,103.475
06/21/2021,103.675,20317,106.9,107.2,103.675
06/18/2021,106.675,20968,108.35,109.625,106.5
06/17/2021,107.2,22665,109.95,110.425,107.2
06/16/2021,111.7,13977,114.025,114.075,111.7
06/15/2021,114.7,15208,114,114.8,113.25
06/14/2021,114.8,13826,115.65,116,114.4
06/11/2021,116.975,21359,118.9,119,116.25
06/10/2021,118.7,18631,118.675,119.575,117.725
06/09/2021,118.75,16747,119.075,119.375,117.375
06/08/2021,118.675,18250,118.85,120.15,116.6
06/07/2021,122.1,27550,121.35,122.675,121.875
06/04/2021,120.6,18656,119.075,121.45,118.5
06/03/2021,119,13105,118.675,119.15,118.725
06/02/2021,118.475,17235,119.95,120.4,117.2
06/01/2021,119.65,17011,118.325,120.4,118.7
05/28/2021,119.35,17880,117.375,119.7,117.05
05/27/2021,116.7,11381,116.575,116.85,115.875
05/26/2021,116.4,13558,117.1,117.875,115.775
05/25/2021,117.5,13412,115.975,117.975,115.85
05/24/2021,115.325,11355,115.6,116.15,114.9
05/21/2021,116.55,15027,113.275,116.55,113.2
05/20/2021,113.55,12852,112.2,114.15,111.425
05/19/2021,111.4,9897,111.275,111.675,110.15
05/18/2021,111.5,14377,109,111.9,109.725
05/17/2021,108.95,11872,108.95,109.8,107.875
05/14/2021,109,12524,110,110.375,108.725
05/13/2021,110.1,24353,110.875,111.525,109.7
05/12/2021,112.025,24797,112.25,112.85,111.6
05/11/2021,111.175,26541,111.725,111.675,110.25
05/10/2021,112.1,21145,112.5,112.675,111.075
05/07/2021,112.85,23418,114.675,114.825,112.6
05/06/2021,114.475,18282,114.725,115,113.1
05/05/2021,114.425,18726,113.95,114.575,112.55
05/04/2021,113.55,20673,112.6,113.8,111.975
05/03/2021,112.65,24357,111,113.175,110.875
04/30/2021,109.725,20642,107.375,109.725,107.075
04/29/2021,106.725,22372,109.225,107.475,106.2
04/28/2021,109.125,15966,107.575,109.65,107.425
04/27/2021,106.675,17292,106.5,107.075,105.225
04/26/2021,106.85,14138,105.225,107.075,104.325
04/23/2021,105.725,14792,104.6,105.975,104.575
04/22/2021,103.55,17506,104.8,105.925,102.975
04/21/2021,104.525,21563,106.675,106.75,103.65
04/20/2021,106.35,17820,104.925,106.4,104.775
04/19/2021,104.325,20748,101.2,105.375,101.1
04/16/2021,101.7,28093,105.225,105.85,100.925
04/15/2021,104.7,8162,107.1,107.1,104.7
04/14/2021,107.7,13301,106.8,107.775,105.725
04/13/2021,106.175,19728,105.325,107,104.9
04/12/2021,106.15,25465,109.4,110.075,105.95
04/09/2021,108.95,14628,108.65,109.55,108.15
04/08/2021,108.7,13843,107.975,108.775,107.675
04/07/2021,107.9,15781,105.875,108.125,105.75
04/06/2021,105.625,13866,105.55,105.85,105.1
04/05/2021,105.6,13920,106.8,107.4,105.05
04/01/2021,106.325,14024,105.8,106.725,105.35
03/31/2021,105.3,14739,105.5,105.75,103.875
03/30/2021,106.025,12362,105.35,106.375,104.725
03/29/2021,105.225,14250,105,105.6,103.725
03/26/2021,105.6,15539,105.35,105.85,104.55
03/25/2021,103.325,14994,102.9,103.55,102.5
03/24/2021,102.05,14053,101.5,102.425,101.5
03/23/2021,101.25,16564,99.7,101.375,99.225
03/22/2021,99.475,14836,100.45,100.475,97.625
03/19/2021,100.6,14371,100.975,101.1,100
03/18/2021,100.025,21972,102.35,102.5,99.625
03/17/2021,102.325,15864,100.675,102.425,100.525
03/16/2021,100.975,14272,99.65,101.05,99.575
03/15/2021,98.925,N/A,98.925,98.925,98.925
03/12/2021,99,11366,99.125,99.4,98.325
03/11/2021,99.125,20812,97.7,99.375,97.375
03/10/2021,88.775,21487,88.35,88.925,87.85
03/09/2021,88.35,21912,87.575,88.85,87.375
03/08/2021,87.3,21619,86.5,87.7,86.2
03/05/2021,87.175,20912,87.8,87.8,86.7
03/04/2021,87.3,22276,87.85,88.3,86.8
03/03/2021,87.925,24378,86.75,88.35,86.45
03/02/2021,85.35,25823,87.05,87.075,85.125
03/01/2021,87.725,18569,87.45,88.9,87.075
02/26/2021,87.15,24503,89.8,89.575,86.8
02/25/2021,89.75,17214,90.2,90.675,89.1
02/24/2021,89.425,19075,87,89.425,88.2
02/23/2021,86.425,13917,85.575,86.875,85.4
02/22/2021,85.125,11908,84.575,85.65,84.325
02/19/2021,84.5,13849,85.475,85.9,83.975
02/18/2021,84.925,13261,84.875,85,84.65
02/17/2021,84.9,16288,85.875,86.45,84.625
02/16/2021,86.175,15267,85.9,86.825,85.075
02/12/2021,85.2,25640,83.9,85.65,84.35
02/11/2021,84.25,23042,82.2,84.5,81.35
02/10/2021,81.825,18525,81,82.825,80.875
02/09/2021,80.375,13373,80.15,80.85,79.4
02/08/2021,80.65,15195,80.7,81.075,79.95
02/05/2021,80.3,15709,79.175,80.625,78.975
02/04/2021,79.3,17581,79.65,80.075,78.075
02/03/2021,79.2,18209,78.25,79.95,78.15
02/02/2021,78.075,19124,75.65,78.225,75.375
02/01/2021,75.5,16168,76.9,77.3,75.375
01/29/2021,76.65,15809,76.5,77.025,76.5
01/28/2021,76.375,13321,76.375,77.225,76.05
01/27/2021,76.3,14581,77.3,77.575,76.15
01/26/2021,76.95,15698,76.75,77.6,76.475
01/25/2021,76.625,13939,76.125,76.85,75.7
01/22/2021,76.15,18921,73.925,76.25,73.85
01/21/2021,73.9,16510,73.025,74.975,73
01/20/2021,73.075,15042,71.075,73.25,72.325
01/19/2021,71.425,12619,72.5,72.8,71.375
01/15/2021,72.65,16319,71.7,72.9,71.425
01/14/2021,72.075,19707,72.675,72.9,71.9
01/13/2021,72.95,20782,73.05,73.325,72.125
01/12/2021,68.5,23013,68.9,69.525,68.2
01/11/2021,68.475,20606,68.5,69.1,67.85
01/08/2021,68.7,11119,69.275,69.6,68.325
01/07/2021,69.125,15120,69.45,69.875,69.025
01/06/2021,69.775,19621,71.075,71.75,69.525
01/05/2021,70.925,18211,71.4,71.4,70.1
01/04/2021,71.225,23600,71.425,72,70.675
12/31/2020,70.275,23056,68.025,70.5,67.95
12/30/2020,67.6,17358,67.1,69.15,67.075
12/29/2020,67.2,12313,66.775,67.75,66.05
12/28/2020,66.5,10062,67.2,67.225,65.775
12/24/2020,66.95,8141,67.6,67.9,66.675
12/23/2020,67.85,14562,66.125,68.125,65.775
12/22/2020,66.025,9946,66.375,66.6,65.725
12/21/2020,65.925,9020,65.2,66.4,65.1
12/18/2020,65.8,8694,65.025,66,64.75
12/17/2020,65.5,9964,65.975,66.45,65.3
12/16/2020,65.975,13539,65.6,66.1,64.65
12/15/2020,66.45,13344,65.3,66.9,65.225
12/14/2020,65.675,21824,63.025,65.85,63.025
12/11/2020,63.225,16180,65.025,65.2,63
12/10/2020,65.1,11009,65.95,66.05,64.925
12/09/2020,66.275,10587,65.5,66.575,65.125
12/08/2020,65.6,14162,64.925,66.2,64.1
12/07/2020,64.95,15086,66.25,66.375,64.85
12/04/2020,66.575,17140,66.2,66.7,64.6
12/03/2020,66.925,11852,67.875,68.05,66.725
12/02/2020,67.875,10275,68.15,68.4,67.725
12/01/2020,68.75,15516,68.75,69.6,68.05
11/30/2020,68.575,11360,67.425,68.775,67.15
11/27/2020,67.25,8066,67.875,67.975,66.225
11/25/2020,67.675,7708,66.9,67.85,66.525
11/24/2020,66.75,12853,67.475,67.625,66
11/23/2020,67.125,18830,65.35,68.05,67.05
11/20/2020,65.35,18714,62.9,65.775,62.75
11/19/2020,63.05,15739,65.175,65.45,62.9
11/18/2020,65.9,11542,64.825,66,64.725
11/17/2020,65.625,17325,64.05,65.8,64.05
11/16/2020,63.775,12727,64.625,65.2,63.7
11/13/2020,64.575,12476,66.6,66.6,64.425
11/12/2020,66.725,16267,66.95,67.55,66.4
11/11/2020,64.8,24300,65.15,65.775,63.6
11/10/2020,65.125,21959,66.3,66.3,64.9
11/09/2020,65.6,21675,65.8,66.575,65.25
11/06/2020,64.9,29337,67,67.575,64.625
11/05/2020,67.425,16342,66.875,67.6,66.725
11/04/2020,66.35,12415,65.575,66.45,65.775
11/03/2020,65.4,14914,66.5,66.8,65.15
11/02/2020,65.95,16221,65.725,66.05,64.1
10/30/2020,65.575,17225,66.45,66.975,65.2
10/29/2020,65.625,16811,65.8,66.15,64.2
10/28/2020,66.375,15141,67,67.325,65.825
10/27/2020,67.65,15895,68.175,69.65,67.425
10/26/2020,67.75,17561,66.675,67.95,65.3
10/23/2020,67.025,14017,66.35,67.225,65.7
10/22/2020,66.2,15990,69.575,69.8,66.2
10/21/2020,69.2,18739,69.9,70.825,68.85
10/20/2020,69.25,22270,70.975,71.05,68.5
10/19/2020,71.425,22205,69.725,72.8,69.325
10/16/2020,69.8,17466,70.3,70.7,68.825
10/15/2020,69.875,20882,68.2,69.925,68.025
10/14/2020,68.425,19285,66.75,68.675,66.65
10/13/2020,66.15,16886,66.5,66.6,64.9
10/12/2020,66.625,12662,67.125,67.325,66
10/09/2020,67.125,15088,67.05,67.375,66.35
10/08/2020,66.85,23115,65.275,67.45,65.225
10/07/2020,64.575,18379,63.5,64.8,63.5
10/06/2020,63.875,11980,63.225,64.625,63.225
10/05/2020,62.65,13014,62.5,62.875,61.9
10/02/2020,62.5,11523,62.85,63.875,62.225
10/01/2020,62.85,10399,63.1,63.25,62.125
09/30/2020,63.1,11782,62.1,63.55,61.8
09/29/2020,61.975,17739,64.275,64.3,61.575
09/28/2020,64.025,13261,64.375,64.45,63.2
09/25/2020,64.425,16664,62.45,64.85,62.25
09/24/2020,63.275,12996,63.775,64.475,63.05
09/23/2020,64.35,14009,63.775,64.5,63.275
09/22/2020,64.1,17574,62.95,64.55,62.675
09/21/2020,61.55,17176,63.175,63.5,61.4
09/18/2020,63.525,14286,64.225,64.5,62.8
09/17/2020,63.625,19253,62.5,64.05,62.45
09/16/2020,61.975,12217,63.25,63.75,61.25
09/15/2020,63.05,23582,63.575,64.675,62.925
09/14/2020,63.575,34209,66.95,67.1,63.2
09/11/2020,66,47537,64.775,66.9,64.625
09/10/2020,64.375,18064,63.1,64.375,62.875
09/09/2020,61.375,28293,60.05,61.725,59.775
09/08/2020,59.9,26166,59.375,60.275,58.775
09/04/2020,59.825,15541,59.9,60.95,58.875
09/03/2020,59.25,32048,57.3,59.4,57.175
09/02/2020,56.4,21906,55.25,56.925,54.9
09/01/2020,55.025,17292,54,55.2,53.8
08/31/2020,53.6,11967,53.375,54.375,53.175
08/28/2020,53.65,18384,55.025,55.075,53.225
08/27/2020,55.725,11494,55.4,56.125,55.275
08/26/2020,55.55,15348,55.95,56.7,54.65
08/25/2020,55.95,12322,55.475,56.175,55.175
08/24/2020,54.6,13963,54.5,55.95,54.25
08/21/2020,54.25,12939,55.525,55.975,54.075
08/20/2020,55.175,25165,53.7,56.125,53.55
08/19/2020,52.55,11032,51.65,52.825,51.475
08/18/2020,51.425,14899,53.45,53.55,51.275
08/17/2020,53.525,9902,52.825,53.9,52.8
08/14/2020,53.025,10581,52.25,53.475,52.15
08/13/2020,52.35,12911,51.775,52.475,51.5
08/12/2020,51.6,15158,51.575,52.3,50.55
08/11/2020,51.825,18837,54,54.025,51.775
08/10/2020,53.825,26246,51.6,54.15,51.5
08/07/2020,50.975,14258,49.725,51.85,49.725
08/06/2020,49.2,9354,48.95,49.75,48.925
08/05/2020,49.3,16070,48.925,49.775,48.7
08/04/2020,49.025,14870,48.25,49.575,48.175
08/03/2020,48.4,16610,49,49.375,48.05
07/31/2020,49.625,16833,48.05,49.825,47.875
07/30/2020,48.325,15549,49.525,49.975,48.025
07/29/2020,49.825,14989,50.1,50.55,49.1
07/28/2020,50.725,12772,50.65,51.425,50.1
07/27/2020,50.75,13742,50.4,51.2,49.625
07/24/2020,50.15,13185,51.05,51.175,49.425
07/23/2020,51.025,13622,50.475,51.675,50.25
07/22/2020,50.075,11618,50.775,50.975,49.65
07/21/2020,50.025,12003,49.275,50.35,49.025
07/20/2020,49.2,16798,51.1,51.5,49.025
07/17/2020,51.075,10667,51.7,51.975,50.825
07/16/2020,51.825,18889,49.65,52.075,49.65
07/15/2020,49.425,10926,49.65,50.15,49.175
07/14/2020,49.675,16212,49.725,50.775,49.5
07/13/2020,51.275,26339,50.225,51.825,49.4
07/10/2020,49.875,22385,50.55,51.025,49.35
07/09/2020,50.225,28603,48.95,51.175,48.75
07/08/2020,47.95,24756,48.875,49.2,47.9
07/07/2020,48.875,18778,48.425,49.875,48.225
07/06/2020,49.275,15119,49.85,50.35,49.2
07/02/2020,49.2,13958,49.075,49.875,48.85
07/01/2020,49.075,21394,48.325,50,48.1
06/30/2020,49.025,17627,48.2,49.375,47.85
06/29/2020,48.45,13316,48.25,49.125,47.525
06/26/2020,48.125,22564,48.975,48.975,47.575
06/25/2020,51.325,12663,51.25,51.95,50.6
06/24/2020,51.25,12328,52.2,52.45,51.15
06/23/2020,52.5,16168,51.5,53.025,50.75
06/22/2020,51.1,14547,52.15,52.45,50.425
06/19/2020,52.8,10708,53.85,54.5,52.7
06/18/2020,53.475,12474,53.25,53.75,52.2
06/17/2020,53.175,15429,52.175,53.4,51.525
06/16/2020,53.025,18325,54.95,54.975,52.275
06/15/2020,55.275,12944,54.375,55.8,54.225
06/12/2020,54.65,15376,54.75,56.175,54.55
06/11/2020,54.875,19576,55.75,55.75,54.5
06/10/2020,55.825,19686,56.75,56.925,55.375
06/09/2020,52.975,22362,53.675,54.225,52.45
06/08/2020,53.975,22526,53.2,55,53.2
06/05/2020,53.925,20884,53.8,55.15,53.4
06/04/2020,53.575,17342,53.425,54.25,52.925
06/03/2020,53.475,17008,54,54.425,53.35
06/02/2020,54.875,14577,54.6,56.4,54.425
06/01/2020,55.15,14287,54.85,55.875,54.75
05/29/2020,57.025,17801,54.825,57.15,54.325
05/28/2020,55.65,16659,58,58,55.55
05/27/2020,60.175,6468,60.1,62,60.05
05/26/2020,59.575,20306,56.175,59.65,55.7
05/22/2020,55.9,10202,56.925,57,55.825
05/21/2020,57.175,13690,55.8,57.45,55.375
05/20/2020,55.8,10363,55.725,56.15,55.35
05/19/2020,56.65,6021,57.6,58.65,56.55
05/18/2020,57.65,10040,58.375,58.45,57.05
05/15/2020,57.75,10288,58.025,58.725,57.575
05/14/2020,58.8,16638,58.4,59.525,57.325
05/13/2020,57.875,20556,60.275,60.35,57.7
05/12/2020,61.475,15129,60.575,61.6,59.725
05/11/2020,60.275,20881,61.325,62.975,59.8
05/08/2020,61.7,16735,63.7,63.775,61.5
05/07/2020,63.9,24971,65.675,65.95,61.825
05/06/2020,65.575,16311,63.725,65.775,63
05/05/2020,64.275,21652,65,66.275,63.75
05/04/2020,65.5,25868,63.375,66.95,63.075
05/01/2020,62.7,16595,60.1,62.7,59.95
04/30/2020,58.95,18959,55.3,59.25,55.025
04/29/2020,55.525,16215,56.975,57.825,54.775
04/28/2020,56.2,34321,56.975,60.775,55.3
04/27/2020,55.275,13470,52.5,55.275,52.425
04/24/2020,51.525,20650,52,53.475,50.15
04/23/2020,51.625,19253,48.7,51.65,48.475
04/22/2020,47.9,18459,48,49.25,47.25
04/21/2020,52.925,9913,53.4,54.2,51.95
04/20/2020,46.25,22751,44.825,47.475,43.95
04/17/2020,43.725,16362,44,46.7,43.2
04/16/2020,43.175,17161,44.125,45.35,43
04/15/2020,44.625,16986,43.225,45.1,42.55
04/14/2020,43.95,29152,44.475,46.95,41.5
04/13/2020,44.925,9343,45.2,45.6,44.925
04/09/2020,48.675,15564,49.9,50.525,48.55
04/08/2020,51.45,30416,55.475,57.15,49.85
04/07/2020,52.65,13965,51.975,52.65,50.5
04/06/2020,49.65,45992,43.825,51.075,43.825
04/03/2020,48.325,14453,48.9,49.375,48.325
04/02/2020,52.825,21421,52.825,54,52.825
04/01/2020,57.325,10264,58.85,59,57.325
03/31/2020,60.325,22904,59.8,61.525,59.325
03/30/2020,59.775,21807,63.225,63.25,59.75
03/27/2020,64.25,12723,67.55,67.55,64.25
03/26/2020,68.75,10668,71.25,71.25,68.75
03/25/2020,71.75,13995,74,74,70.925
03/24/2020,73,13520,73.225,73.425,72.025
03/23/2020,70.95,13632,70.475,70.95,69.1
03/20/2020,67.95,19397,69.525,71.075,67.675
03/19/2020,69.15,23644,69.2,70.25,67.075
03/18/2020,67.3,32835,69.775,70.475,66.025
03/17/2020,70.425,26771,67.475,71.3,67.275
03/16/2020,66.8,27660,66.8,69.375,66.8
03/13/2020,71.3,18364,77,77.2,71.3
03/12/2020,75.8,17561,76.075,76.75,75.8
03/11/2020,63.875,23425,65.55,66,63.8
03/10/2020,65,30583,64.625,66,64.5
03/09/2020,63,32234,62.925,65.225,62.925
03/06/2020,65.925,25075,65,66.375,65
03/05/2020,65.375,18195,64.125,65.475,63.65
03/04/2020,64.3,19159,64,64.775,63.3
03/03/2020,63.55,22893,63.7,64.825,63.225
03/02/2020,62.8,17872,62.55,63.175,62.125
02/28/2020,62.275,23821,62.125,63,61.525
02/27/2020,62.55,25199,64.525,64.925,62.15
02/26/2020,65.15,17697,64.675,65.95,64.225
02/25/2020,64.675,16318,65.2,65.875,64.5
02/24/2020,64.625,19425,65,65.35,64.075
02/21/2020,67.025,11309,66.5,67.15,66.05
02/20/2020,66.875,15391,66.9,67.25,66.1
02/19/2020,67.575,23061,66.1,68.25,65.775
02/18/2020,65.5,21296,64.475,65.85,63.1
02/14/2020,64.3,12354,63.8,64.9,63.7
02/13/2020,64.075,17793,63.65,64.725,62.925
02/12/2020,63.775,21216,63.975,65.05,63.275
02/11/2020,64.225,20325,65.025,65.275,63.8
02/10/2020,65.075,18747,66.025,66.25,64.925
02/07/2020,66.25,29795,65.725,66.85,65.025
02/06/2020,64.875,28390,61.525,64.875,61.525
02/05/2020,61.875,20077,62.8,63.15,61.65
02/04/2020,62.325,24722,63.25,64.375,61.775
02/03/2020,62.725,36998,62.35,63.6,61
01/31/2020,61.6,41339,65.125,65.15,61.325
01/30/2020,65.825,23770,67.925,67.95,65.825
01/29/2020,68.825,19957,71.3,71.35,68.675
01/28/2020,71.3,22091,71.1,72.4,70.875
01/27/2020,70.45,29774,71.575,72,70.45
01/24/2020,73.45,22484,75.35,75.35,72.825
01/23/2020,75.35,18362,73.925,75.975,73.9
01/22/2020,74.525,17083,74.15,74.9,73.275
01/21/2020,73.825,25388,74,74.65,72.325
01/17/2020,74.1,19761,74.5,74.5,73.225
01/16/2020,73.775,18245,74.825,75.05,72.975
01/15/2020,74.975,18524,74.625,75.175,73.85
01/14/2020,75,25714,73.1,75.3,73.1
01/13/2020,65.9,24532,66.975,67.05,65.575
01/10/2020,67.25,28041,67.325,68.225,66.875
01/09/2020,67.025,31583,68.9,69,66.475
01/08/2020,69.025,26741,69.8,70.1,68.95
01/07/2020,69.225,22519,68.625,69.35,68.025
01/06/2020,68.625,18950,68.95,69.225,67.55
01/03/2020,68.55,24564,70.6,70.9,68.55
01/02/2020,71.55,22808,71.6,72.6,70.775
12/31/2019,71.425,11217,71.7,71.875,70.825
12/30/2019,71.8,17853,71.25,71.9,70.6
12/27/2019,70.575,11720,70.75,71.025,69.825
12/26/2019,70.9,9242,71.05,71.5,70.05
12/24/2019,70.7,8079,70.125,70.925,69.625
12/23/2019,70.25,16884,70.675,71.3,69.475
12/20/2019,70.675,14340,70.85,71.225,70.3
12/19/2019,70.975,17581,69.9,71,69.525
12/18/2019,69.9,15716,69.675,70.4,69.325
12/17/2019,69.85,22108,70.2,71,69.4
12/16/2019,70.5,20979,69.525,70.9,69.075
12/13/2019,69.5,32684,69.5,71.55,68.7
12/12/2019,68.65,21077,67.7,69.175,67.2
12/11/2019,67.725,11347,67.75,68.45,67.2
12/10/2019,67.975,17093,67.05,68.375,66.7
12/09/2019,66.7,14923,67.05,67.35,66
12/06/2019,67.55,21054,69.05,70.05,67.275
12/05/2019,67.575,18122,68.35,68.6,67.15
12/04/2019,68.425,17708,68.725,69.275,67.9
12/03/2019,68.375,24290,65.925,68.45,65.55
12/02/2019,66.15,25116,68.125,68.975,65.4
11/29/2019,68.175,21489,66.7,69.325,65.725
11/27/2019,67.15,12986,67.45,68.9,67.025
11/26/2019,67.825,10814,67.925,68.2,66.925
11/25/2019,67.75,16096,67.8,68.25,66.825
11/22/2019,67.65,15306,67.5,68.275,66.625
11/21/2019,67.45,25308,67.575,69.2,66.525
11/20/2019,66.775,23362,69.1,69.875,66.625
11/19/2019,69.625,25749,69.975,70.175,68
11/18/2019,70.225,22908,71.325,71.425,69.65
11/15/2019,72,23208,73.325,73.4,71.4
11/14/2019,73.375,17970,74,74.225,73
11/13/2019,74.55,26757,75.975,76.625,74.175
11/12/2019,75.55,24335,74.4,76.1,74.2
11/11/2019,63.3,27906,64,64.7,62.925
11/08/2019,64.125,26088,64.2,64.9,63.75
11/07/2019,64.3,31241,65.6,64.75,64.075
11/06/2019,64.775,28149,65.725,65.775,64.45
11/05/2019,67.275,27012,64.65,67.525,64.6
11/04/2019,64.525,18727,63.775,65.3,63.375
11/01/2019,64.45,22838,65.675,65.7,63.675
10/31/2019,66,20394,64.775,66.125,63.875
10/30/2019,65.775,22147,63.7,66.475,63.5
10/29/2019,64.325,17878,65.25,65.25,63.45
10/28/2019,65.65,15455,64.675,66,64.125
10/25/2019,64.925,21726,64.475,66.175,63.725
10/24/2019,64.55,20579,65.25,66.2,63.85
10/23/2019,65.825,25247,64.75,66.975,64.15
10/22/2019,65.5,25805,68.4,69.25,65.2
10/21/2019,67.825,13559,67.5,69.1,67.2
10/18/2019,67.95,26732,70,70,66.125
10/17/2019,68.15,22084,70.075,70.4,67.725
10/16/2019,70.625,23444,71.525,72.075,69.65
10/15/2019,72.125,24974,69.125,72.125,69.125
10/14/2019,69.125,15615,70.55,70.925,68.375
10/11/2019,69.6,18478,69.25,70.8,68.675
10/10/2019,68.475,17536,69,70.25,67.95
10/09/2019,69.475,24037,70.25,70.325,68.75
10/08/2019,67.4,34995,63.525,68.625,63.075
10/07/2019,64.25,28306,66.775,67.125,64.25
10/04/2019,67.25,17891,67.9,68.3,66.25
10/03/2019,68.1,18448,69.1,69.425,67.15
10/02/2019,69.1,19185,70.275,71,67.85
10/01/2019,69.925,24219,72.15,72.575,69.6
09/30/2019,72.6,30810,68.9,72.725,67.7
09/27/2019,69.85,22409,69.775,71.75,68.775
09/26/2019,70.375,20426,71.25,71.325,68.9
09/25/2019,71.4,27086,70,71.575,68.6
09/24/2019,69.1,20732,69,70.1,68.55
09/23/2019,68.375,18104,67.1,68.875,66.75
09/20/2019,66.25,20886,67.825,69.075,64.95
09/19/2019,67.95,28439,66.7,70.325,66.65
09/18/2019,67.8,26392,67.25,68.5,66.75
09/17/2019,67.675,25919,70.45,70.6,67.675
09/16/2019,70.675,37331,69.35,71.6,67.125
09/13/2019,68.7,23684,68,68.7,67.8
09/12/2019,64.2,14584,64.2,64.2,64.2
09/11/2019,61.2,31660,60.875,61.75,59.575
09/10/2019,62.725,41065,61.6,64.4,59.9
09/09/2019,62.6,31227,63,65.125,62.275
09/06/2019,63.5,30924,65.5,65.75,63.3
09/05/2019,66.3,22298,66.875,68,65.925
09/04/2019,67.125,25773,67.125,67.4,65.775
09/03/2019,66.525,26294,64,66.525,64
08/30/2019,63.725,17355,64.55,64.75,63.325
08/29/2019,64.9,20532,63.7,65.15,63.475
08/28/2019,63.5,18928,61.3,63.6,60.875
08/27/2019,63.225,19387,64.25,64.4,62.4
08/26/2019,63.8,24550,60.875,63.8,60.875
08/23/2019,59.3,22711,61.575,61.6,59.3
08/22/2019,62.3,13140,63,63.325,62.075
08/21/2019,63.3,15050,64.925,65.7,63.075
08/20/2019,64.975,16573,64.2,65.825,63.375
08/19/2019,64.025,17566,62.325,64.475,62.15
08/16/2019,62,17400,65.3,66.525,62
08/15/2019,65,18921,67.5,68.55,64.525
08/14/2019,66.775,17866,64.85,67.275,64.6
08/13/2019,64.575,22852,66.7,68.5,64.075
08/12/2019,67.075,25525,66.025,69.125,65
08/09/2019,66.975,17525,68.3,68.65,66.6
08/08/2019,67.875,17756,66.25,68.3,66.1
08/07/2019,66.85,22415,65.1,66.95,64.175
08/06/2019,64.6,29956,67.775,68.775,64.475
08/05/2019,67.425,49084,62.425,69.9,61.5
08/02/2019,65.725,28041,67.875,69.3,65.475
08/01/2019,67.475,42038,70.825,70.825,66.8
07/31/2019,71,26648,74.1,74.575,71
07/30/2019,74,25238,76.75,76.75,73.025
07/29/2019,76.45,18760,78.35,78.9,76.45
07/26/2019,79.45,13928,79.075,79.925,78.675
07/25/2019,78.65,23601,81.2,81.475,77.95
07/24/2019,80.85,19528,81.525,81.975,80.375
07/23/2019,81.8,21407,80,81.875,79.5
07/22/2019,79.2,19720,79.5,80.275,78.075
07/19/2019,78.925,25837,77.075,79.475,76.125
07/18/2019,76.9,26254,77.975,78.125,75.625
07/17/2019,77.825,21695,76.075,77.925,75.95
07/16/2019,75.3,24335,74.35,75.475,73.975
07/15/2019,73.9,19872,73.6,74.475,72.725
07/12/2019,73.225,26010,72,73.675,72
07/11/2019,71.6,32601,72.7,73.3,71.525
07/10/2019,81.725,43645,79.925,82.85,79.2
07/09/2019,79.075,24883,76.05,79.075,75.5
07/08/2019,76.075,33631,77.15,78.325,75.575
07/05/2019,77.05,19406,77.825,77.925,76.3
07/03/2019,78.375,14848,79.125,80.85,77.825
07/02/2019,78.975,18244,78.8,80.275,78.7
07/01/2019,78.7,23350,77.2,78.975,76.85
06/28/2019,76,28223,76.35,79.825,75.75
06/27/2019,77.175,18362,75.6,77.85,75.25
06/26/2019,75.475,20463,74.725,77,74.525
06/25/2019,76.175,27752,74.675,76.85,74.25
06/24/2019,74.225,33086,77.225,78.15,73.95
06/21/2019,77.9,15870,80.25,80.475,77.9
06/20/2019,80.9,18404,82.35,83.85,80.525
06/19/2019,83,19807,81.05,83.175,80.925
06/18/2019,81.7,19709,82.025,83.675,81.45
06/17/2019,82.25,19661,80.225,82.425,79.9
06/14/2019,80.625,20668,82.875,84.2,79.825
06/13/2019,82.825,24770,82,83.75,81.55
06/12/2019,82.525,22300,82.55,83.35,81.5
06/11/2019,84.375,29564,85.8,86.425,83.2
06/10/2019,86.2,33551,83.4,86.725,83.3
06/07/2019,83.35,20066,85.9,85.9,83.35
06/06/2019,86.35,24674,86.275,86.925,84.7
06/05/2019,86.275,20237,85.3,86.4,84.775
06/04/2019,85.8,19195,84.775,85.925,84.25
06/03/2019,84.525,22683,85.85,87.125,83.55
05/31/2019,85.925,22684,87.575,88.325,85.2
05/30/2019,87.875,19994,87.3,88.175,85.975
05/29/2019,87.8,19800,85.175,88.325,84.475
05/28/2019,85.7,24535,87.275,88.125,84.325
05/24/2019,87.95,13594,89.7,90.95,87.95
05/23/2019,90.95,13734,91.525,91.775,89.675
05/22/2019,91.05,8907,90.9,92.25,90.3
05/21/2019,91.375,10958,92.75,93.375,91.025
05/20/2019,93,13707,93,94.325,91.925
05/17/2019,93,16876,91.875,93.025,90.175
05/16/2019,92.4,11966,90.8,92.85,90.05
05/15/2019,91.925,14981,90.45,92.05,90.4
05/14/2019,90.05,21408,89.125,91.1,88.425
05/13/2019,87.75,15578,88.8,89.975,87.75
05/10/2019,89.675,27132,89.525,90.125,88.425
05/09/2019,90,32733,87.675,90.2,85.975
05/08/2019,88.55,24681,89.25,90.4,87.575
05/07/2019,89.25,46940,88.725,91.35,85.375
05/06/2019,89.75,5945,89.75,89.75,89.75
05/03/2019,92.75,19257,92.35,93.725,91.975
05/02/2019,92.75,28361,92,93.825,91.25
05/01/2019,91.225,21096,87.875,91.225,87.55
04/30/2019,88.225,22342,88.55,89.8,87.7
04/29/2019,88.05,18145,88.75,89.125,87.025
04/26/2019,88.75,27174,89.425,91.425,88.475
04/25/2019,89.775,16845,91,91.25,89.775
04/24/2019,92.775,18869,92.25,93.125,91.55
04/23/2019,92.375,31044,93.25,94.95,91.725
04/22/2019,93.775,23190,97.3,97.325,93.75
04/18/2019,96.75,19142,96.525,97.025,94.35
04/17/2019,96.125,22254,97.225,97.875,94.475
04/16/2019,97.125,21073,99.025,99.025,96.1
04/15/2019,98.3,14639,99.05,99.4,97.425
04/12/2019,98.5,21613,96.675,98.725,95.1
04/11/2019,97.7,28650,99.45,99.45,96.5
04/10/2019,96.45,25336,94,97.325,93.525
04/09/2019,95.15,19249,96.75,97.1,95.15
04/08/2019,98.15,23172,98.575,98.925,96.85
04/05/2019,98.975,37075,99.225,99.825,96.1
04/04/2019,97.85,33885,93.95,97.85,93.85
04/03/2019,94.85,29666,92.1,95.075,92.1
04/02/2019,91.5,25397,89.225,91.5,89.2
04/01/2019,88.5,28637,87.3,89.325,86.25
03/29/2019,88.55,37183,90.75,92.4,87.575
03/28/2019,91.8,20907,93.625,94.75,91.8
03/27/2019,94.8,24706,95.05,95.2,92.8
03/26/2019,95.325,21749,96.225,96.225,94.2
03/25/2019,95.55,29821,97.1,97.35,94.5
03/22/2019,95.675,44352,96.025,97.825,91.025
03/21/2019,94.75,37691,90.55,94.75,90.375
03/20/2019,90.25,21830,87.55,90.25,87.3
03/19/2019,87.25,26942,88.2,88.5,85.625
03/18/2019,87.8,35094,88.325,88.875,85.325
03/15/2019,86.525,27022,83.65,86.525,83.45
03/14/2019,83.525,24330,80.75,83.6,80.725
03/13/2019,80.825,34748,80.5,81.95,79.85
03/12/2019,63.65,30612,63,63.85,62.025
03/11/2019,62.85,44820,60.75,63.5,60.15
03/08/2019,60.55,36283,57.975,60.725,57.85
03/07/2019,57.725,26656,57.925,58.15,57.15
03/06/2019,57.075,16731,57.675,57.725,56.6
03/05/2019,57.9,15958,57.725,58.6,57.4
03/04/2019,57.325,20137,57.375,57.8,56.825
03/01/2019,56.4,22196,55.7,57.575,55.675
02/28/2019,55.875,14583,55.45,56.625,55.2
02/27/2019,55.6,19990,54.65,56.875,54.225
02/26/2019,55.725,23019,54.925,56.475,54.3
02/25/2019,53.9,24589,54.85,54.9,52.75
02/22/2019,55.45,20096,55.6,56.6,55.225
02/21/2019,55.95,24802,54.4,55.975,53.725
02/20/2019,52.975,35075,56.275,56.4,52.25
02/19/2019,56.525,16115,58.875,58.925,56.525
02/15/2019,59.525,14077,58.7,60.275,58.125
02/14/2019,58.7,19771,59.25,59.725,58.5
02/13/2019,59.775,15736,59.85,60.4,59.55
02/12/2019,60.325,20267,59.7,61.325,59.45
02/11/2019,59.075,17674,58.425,59.375,57.875
02/08/2019,58.425,16695,59.675,59.725,58.375
02/07/2019,59.6,16860,60.8,60.8,59.3
02/06/2019,60.9,11629,61.2,61.55,60.8
02/05/2019,61.6,20263,63.05,63.05,61.125
02/04/2019,63.05,27814,60.125,63.125,59.65
02/01/2019,60.125,17000,60.875,60.875,59.825
01/31/2019,60.225,21079,61.9,62.75,60.05
01/30/2019,62.225,12158,63,63.2,61.95
01/29/2019,62.55,15857,62.15,63.325,61.85
01/28/2019,62.325,12420,62.275,62.775,61.325
01/25/2019,62.125,20798,63.125,63.175,61.625
01/24/2019,63.5,12732,64.875,64.875,63.425
01/23/2019,64.85,19323,65.5,65.775,63.775
01/22/2019,66.1,12397,66.575,66.825,65.375
01/18/2019,66.275,21821,64.7,67.4,64.65
01/17/2019,64.625,17051,65.1,65.1,64.2
01/16/2019,65.075,19659,66.25,66.4,64.025
01/15/2019,66.95,17601,67,68.2,66.15
01/14/2019,66.825,21990,67.2,67.625,66.6
01/11/2019,67.35,24572,67.7,68.25,66.425
01/10/2019,64.075,29728,63.575,64.225,63.1
01/09/2019,63.775,27715,62.4,64.1,62.375
01/08/2019,62.6,27639,62.6,63.15,62.075
01/07/2019,61.9,13021,61.95,62.15,61.25
01/04/2019,61.95,16201,62.775,62.95,61.4
01/03/2019,62.15,14666,62.1,62.725,61.95
01/02/2019,61.7,24592,61.375,63.425,61.25
12/31/2018,60.975,14340,60.85,61.475,60.8
12/28/2018,60.65,11756,60.95,61.2,60.55
12/27/2018,60.575,14258,61.175,61.2,60.2
12/26/2018,60.375,12400,60.9,61.325,60.25
12/24/2018,60.3,13806,61.9,61.9,60.225
12/21/2018,61.125,18641,63.25,63.25,61.025
12/20/2018,62.375,15415,62.5,63.425,61.8
12/19/2018,62.7,12159,62.725,63.525,62.2
12/18/2018,62.65,17459,63.65,63.7,62.125
12/17/2018,63.825,16673,64.325,64.4,63.025
12/14/2018,64.5,17730,65.275,66.8,64.45
12/13/2018,64.825,16878,65.375,65.7,64.1
12/12/2018,65.7,13346,65.675,65.875,64.775
12/11/2018,65.2,19328,66.5,66.65,64.975
12/10/2018,66.825,14771,67.85,68.15,66.625
12/07/2018,67.875,18682,67.575,67.95,66.075
12/06/2018,66.9,17480,66.9,67.25,65.25
12/04/2018,67.75,16008,65.525,68.1,65.125
12/03/2018,66.9,28715,68.5,68.825,64.9
11/30/2018,67.55,17942,67.475,67.825,65.95
11/29/2018,67.35,19915,65.1,67.475,65.1
11/28/2018,64.5,11963,64.875,65.9,63.85
11/27/2018,65.05,15151,66,66.05,64.175
11/26/2018,65.55,22135,67.95,67.975,64.95
11/23/2018,67.825,13667,66.125,68.3,66.1
11/21/2018,66.175,16042,66.675,66.85,65.6
11/20/2018,67.125,23920,69,69.5,66.875
11/19/2018,69.025,34586,67.05,69.175,66.775
11/16/2018,66.75,20872,64.2,66.75,64.075
11/15/2018,63.75,16135,62.525,63.975,62.325
11/14/2018,62.35,17884,61.825,62.725,61.65
11/13/2018,62.175,23913,61.7,62.625,61.625
11/12/2018,56.55,30295,55.7,57.9,55.225
11/09/2018,55.8,33868,54.8,56.1,54.225
11/08/2018,55.625,30925,55.15,55.75,54.375
11/07/2018,55.525,33091,54.4,55.75,54
11/06/2018,54.1,26961,56.525,56.825,54.1
11/05/2018,57.1,21758,57.95,59.125,56.7
11/02/2018,58.125,18353,57.775,58.6,57.25
11/01/2018,58.2,25249,57.825,59.075,56.75
10/31/2018,58.45,23935,59.7,60.2,58.2
10/30/2018,59,23369,59.525,59.875,58.7
10/29/2018,58.85,21456,58.5,59.45,58.2
10/26/2018,57.925,16924,56.925,58.075,56.775
10/25/2018,56.775,27298,57.925,58.45,56.35
10/24/2018,57.525,21934,55.1,57.525,55.1
10/23/2018,54.525,19769,53.75,55.4,53.375
10/22/2018,53.175,19353,52.2,53.925,51.275
10/19/2018,51.6,22372,52.9,53.95,51.5
10/18/2018,52.3,24539,54.375,54.375,52
10/17/2018,54.7,25628,56.15,56.75,54.55
10/16/2018,56.875,24802,56.8,58.325,56.65
10/15/2018,56.75,21154,55.25,57.6,55.25
10/12/2018,55,22224,54.6,56.675,54.275
10/11/2018,54.425,25569,55.975,55.975,53.85
10/10/2018,55.95,19843,56.725,57.95,55.775
10/09/2018,56.575,22937,56.825,57.1,55.575
10/08/2018,57.55,17633,57.6,58.325,57.3
10/05/2018,57.55,25130,55.5,58,55.225
10/04/2018,55.325,20454,56.45,56.875,55.175
10/03/2018,57.15,23339,59.1,59.25,56.475
10/02/2018,59.15,22429,59.5,59.625,58.5
10/01/2018,59.85,28277,58.475,59.95,58.375
09/28/2018,57.925,32580,56,58.45,55.55
09/27/2018,55.475,21040,56.8,56.95,54.525
09/26/2018,57.225,16832,57.8,57.825,56.45
09/25/2018,57.75,17211,57.2,57.8,56.325
09/24/2018,56.975,19156,57.4,58.35,56.55
09/21/2018,57.4,18164,58.2,58.45,56.7
09/20/2018,58.275,23341,57.825,58.65,57.35
09/19/2018,57.9,23597,58.25,58.45,56.525
09/18/2018,57.975,24458,56.025,58.075,55.95
09/17/2018,55.375,32164,56.725,56.775,53.825
09/14/2018,56.65,27761,56.425,57.475,56.1
09/13/2018,55.925,23969,55.7,56.175,54.5
09/12/2018,55.625,27906,54.375,56.075,53.975
09/11/2018,54.475,30955,56.575,56.575,54.025
09/10/2018,55.95,33402,56.4,57.25,55.85
09/07/2018,55.65,28692,55.125,55.8,53.825
09/06/2018,54.975,22795,53.275,54.975,52.825
09/05/2018,51.975,24327,51.55,52.575,50.275
09/04/2018,51.075,31125,51.65,51.95,50.15
08/31/2018,50.425,26543,49.8,51.825,49.7
08/30/2018,49.125,24581,51.35,52.125,48.925
08/29/2018,51.55,24517,51.75,53.3,51.25
08/28/2018,52,27194,55.6,55.65,51.65
08/27/2018,54.775,23412,51.775,54.775,51.675
08/24/2018,51.775,20583,50.65,52.25,50.175
08/23/2018,51.175,20615,53.1,53.475,51
08/22/2018,53.6,22162,55.1,55.3,53.4
08/21/2018,56.225,19471,56.55,57.325,55.675
08/20/2018,56.475,29211,59.15,59.5,55.975
08/17/2018,58.6,32743,56.375,58.85,55.7
08/16/2018,55.475,21469,53.55,55.475,53.55
08/15/2018,52.475,14115,51.825,52.75,51.25
08/14/2018,51.85,17069,51.65,52.925,51.5
08/13/2018,51.65,21548,51.15,53.775,50.8
08/10/2018,51.175,32386,51.35,54.075,50.75
08/09/2018,51.4,29770,47.85,51.4,47.825
08/08/2018,48.4,22077,49.425,49.65,48.05
08/07/2018,49.975,23059,50.325,51.225,49.875
08/06/2018,50.225,18151,51,51.975,50
08/03/2018,50.775,25335,49.725,52.15,49.35
08/02/2018,49.65,19313,50.3,50.45,49.6
08/01/2018,50.775,24980,50.3,52.225,49.925
07/31/2018,50.725,19979,51,51.55,50.125
07/30/2018,51.225,12176,51.175,51.95,50.575
07/27/2018,50.875,17734,51.75,52.075,50.475
07/26/2018,52.25,26034,53.75,55.975,52.15
07/25/2018,53.925,14194,53.025,54.1,52.625
07/24/2018,52.525,20052,52.45,54.25,51.95
07/23/2018,52.625,19850,51.4,53.325,51.1
07/20/2018,51.275,14210,51.65,52,50.725
07/19/2018,52.225,22028,52.05,53.55,51.475
07/18/2018,51.925,22569,52.45,52.45,51.325
07/17/2018,52.2,20208,54.25,54.325,51.9
07/16/2018,54,18960,55,55.375,53.85
07/13/2018,55.3,25643,53.75,55.675,53.75
07/12/2018,53.95,24554,52.575,54.175,52.4
07/11/2018,52.025,32038,54.175,54.4,51.825
07/10/2018,53.775,35128,56.475,56.525,53.35
07/09/2018,56.125,20942,58.775,58.925,55.75
07/06/2018,58.55,14309,59.175,60.2,58.275
07/05/2018,59.55,12669,59.9,60.2,59.15
07/03/2018,76,20427,74.9,76.575,74.3
07/02/2018,74.375,31674,76.3,77.175,73.825
06/29/2018,76.45,25358,74.675,76.925,74.4
06/28/2018,75.725,14929,74.825,76.25,74.65
06/27/2018,75.05,14662,74.825,75.25,74.3
06/26/2018,74.75,21653,73.6,75.65,73.6
06/25/2018,73.6,17426,75,75,73.275
06/22/2018,75.375,14386,75.475,75.475,74.525
06/21/2018,75.725,20958,74.7,75.825,74.15
06/20/2018,75.15,23367,77.5,77.8,74.725
06/19/2018,77.725,23968,78.2,78.575,76.875
06/18/2018,79.425,18511,78.425,79.475,78
06/15/2018,78.25,18620,78.05,79.5,77.35
06/14/2018,78.6,20198,79.7,80,78.05
06/13/2018,79.65,29242,77.625,79.75,77.6
06/12/2018,77.525,25621,75.75,77.675,75.1
06/11/2018,79.4,25566,81,81.625,78.625
06/08/2018,80.725,22862,80.525,80.95,80.075
06/07/2018,79.45,25252,79.95,79.975,79.025
06/06/2018,79.95,26746,77.075,80.025,77.05
06/05/2018,77.025,23793,76.525,77.175,75.2
06/04/2018,77.925,20435,78.725,79,76.275
06/01/2018,78.8,21401,78.475,79.125,77.525
05/31/2018,78.05,27064,79.625,80.05,77.35
05/30/2018,80.125,17641,79.075,80.25,78.825
05/29/2018,78.85,21908,77.85,79.525,77.675
05/25/2018,77.55,13492,76.75,78.075,76.425
05/24/2018,76.775,14513,76.125,76.95,75.25
05/23/2018,76.225,20185,75.2,77.25,75.175
05/22/2018,75.125,13580,76.175,76.25,74.975
05/21/2018,76.85,15387,77.775,78.1,75.35
05/18/2018,77.25,14631,78.2,78.625,76.375
05/17/2018,78.2,19603,78.3,78.55,77.825
05/16/2018,78.725,14340,78,78.875,77.45
05/15/2018,77.7,16649,78.825,78.85,76.575
05/14/2018,76.15,16828,75.525,76.5,75.35
05/11/2018,75.1,26701,77.35,77.475,74.9
05/10/2018,77.325,24938,76.3,77.45,76.075
05/09/2018,76.575,28707,76.625,77.25,75.825
05/08/2018,76.3,27994,75.025,76.475,74.725
05/07/2018,74.175,19430,73.525,74.875,73.075
05/04/2018,73.525,18376,73.575,74.05,72.75
05/03/2018,73.5,23329,73.8,75.425,73.425
05/02/2018,73.5,18905,74.1,74.725,73.175
05/01/2018,73.9,21631,73.3,74.275,72.975
04/30/2018,72.7,20474,72.75,73.6,72.2
04/27/2018,72.625,17717,73.775,74.325,72.475
04/26/2018,74,18738,74.8,74.875,73.775
04/25/2018,75.35,21266,74.725,75.6,73.95
04/24/2018,74.825,22488,76.25,76.425,74.75
04/23/2018,76.375,17982,76.75,77.3,76.1
04/20/2018,77.55,13870,78,78.5,77.325
04/19/2018,78.075,18559,78.8,79.1,77.5
04/18/2018,78.525,22822,76.8,78.95,76.775
04/17/2018,76.75,14459,77.1,77.425,76.3
04/16/2018,76.8,14925,77.4,78.075,76.4
04/13/2018,77.65,15583,77.775,78.1,76.9
04/12/2018,77.25,21993,75.9,77.5,75.25
04/11/2018,75.775,14621,74.9,76.65,74.9
04/10/2018,75.05,23496,76,77,74.925
04/09/2018,75.875,23933,72.975,76.275,72.7
04/06/2018,73.275,19906,73.3,73.75,72.35
04/05/2018,73.825,16928,73.15,74.25,73.025
04/04/2018,73.275,26044,71.225,73.775,70.25
04/03/2018,71.65,28438,73.35,73.55,70.9
04/02/2018,73.55,13297,75.025,75.35,73.55
03/29/2018,76.55,21198,76.4,76.75,75.475
03/28/2018,73.825,N/A,73.825,73.825,73.825
03/27/2018,73.825,N/A,74.15,74.75,73.725
03/26/2018,74.1,17420,74.35,75.725,74.025
03/23/2018,74.15,26247,74.325,75.575,73.225
03/22/2018,75.475,19748,76.825,77.15,74.9
03/21/2018,77.225,19288,76.7,77.625,76.15
03/20/2018,76.75,16484,76.9,77.1,76.15
03/19/2018,76.825,17271,78.8,78.8,76.7
03/16/2018,79.125,19084,78.925,79.6,77.775
03/15/2018,79.175,16147,78,79.375,77.725
03/14/2018,78.35,14489,77.3,78.55,77
03/13/2018,77.475,23098,77.2,78.125,77.025
03/12/2018,77.05,18628,77.525,77.525,76.525
03/09/2018,77.675,27223,67.75,68.3,67
03/08/2018,68.075,31233,67.175,68.175,66.625
03/07/2018,67.8,31193,68.075,68.325,66.425
03/06/2018,68.2,20456,69.275,69.325,68.125
03/05/2018,68.8,17180,67.925,69.1,67.65
03/02/2018,67.575,20529,67.45,68,66.9
03/01/2018,66.975,20470,67.5,67.825,66.875
02/28/2018,67.225,37169,69.4,69.5,67.125
02/27/2018,69.95,19447,70.075,70.675,69.8
02/26/2018,69.95,20873,71.15,71.95,69.9
02/23/2018,71.375,13546,71.3,71.775,70.875
02/22/2018,71.275,20060,69.825,71.55,69.475
02/21/2018,69.9,17251,69.875,70.55,69.125
02/20/2018,69.2,23397,68.475,70.025,68.3
02/16/2018,68.15,22014,69.425,69.45,68.025
02/15/2018,69.725,18418,70.725,71.25,69.625
02/14/2018,70.65,19569,69.65,71.275,69.075
02/13/2018,69.425,19268,70.325,70.425,69.3
02/12/2018,70.525,24164,68.7,70.725,68.55
02/09/2018,68.85,18068,69.45,69.875,68.825
02/08/2018,69.45,21714,69.175,69.65,68.75
02/07/2018,69.225,28461,70.7,70.825,68.875
02/06/2018,71.425,25685,72.775,72.825,70.6
02/05/2018,73.325,17989,73.65,73.975,72.275
02/02/2018,73.55,20702,73.2,74.125,71.675
02/01/2018,72.825,22760,72.4,73.3,72.225
01/31/2018,72.25,17845,73.275,73.4,72.1
01/30/2018,72.9,20225,73.4,73.475,72.125
01/29/2018,73.425,12761,74.05,74.2,73.3
01/26/2018,73.8,12574,73.85,74.375,73.275
01/25/2018,73.825,21124,76.075,76.525,73.725
01/24/2018,75.7,19321,74.825,76.325,74.25
01/23/2018,74.65,18535,75.275,75.575,74.225
01/22/2018,84.525,1535,84.6,84.75,84.375
01/19/2018,84.725,N/A,75.55,76.225,75.275
01/18/2018,75.9,17023,75.55,76.225,75.275
01/17/2018,75.525,13599,75.9,76,75.2
01/16/2018,76.15,17187,74.5,76.4,74.5
01/12/2018,74.325,19452,73.825,74.55,73.825
01/11/2018,73.825,24217,75.75,75.9,73.6
01/10/2018,75.775,26490,76.975,77.05,75.025
01/09/2018,76.775,19852,77.1,77.1,76.425
01/08/2018,72.975,27653,71.675,73.4,71.675
01/05/2018,71.425,12952,71.5,71.65,70.9
01/04/2018,71.375,16220,71.45,71.8,70.825
01/03/2018,71.05,17713,71.1,71.2,70.2
01/02/2018,70.725,18451,72,72,70.675
12/29/2017,71.775,16567,71.75,72.45,71.575
12/28/2017,71.55,14085,71.1,71.85,70.7
12/27/2017,71.025,18619,71.525,71.95,70.3
12/26/2017,71.525,14359,70.25,71.675,69.9
12/22/2017,69.975,12360,68.9,70.125,68.425
12/21/2017,68.575,12047,68.6,69.3,68.15
12/20/2017,68.375,14700,67.4,68.675,66.825
12/19/2017,66.9,13011,67.575,67.9,66.775
12/18/2017,67.4,18419,68.85,69.925,67.3
12/15/2017,68.525,14061,67.525,68.625,67.175
12/14/2017,67.625,19184,66.25,68.7,66.25
12/13/2017,66.8,19203,66.5,67.5,66.325
12/12/2017,66.525,18071,66.9,67.05,66.475
12/11/2017,67.025,19850,68.825,69.125,66.925
12/08/2017,68.85,13826,68.425,68.925,67.85
12/07/2017,68.475,20496,68.775,69.3,68.15
12/06/2017,68.95,16593,70.45,70.725,68.9
12/05/2017,70.5,14712,71.7,71.7,70.15
12/04/2017,71.675,18668,70.625,71.8,69.7
12/01/2017,70.725,18485,69.975,71,69.375
11/30/2017,69.775,20544,71.175,71.85,69.6
11/29/2017,70.9,18987,71.75,72.25,70.625
11/28/2017,71.525,20723,70.1,72,69.775
11/27/2017,70.1,10923,69.7,70.225,69.55
11/24/2017,69.4,9965,69.4,70.15,69.325
11/22/2017,69.1,14154,67.15,69.15,66.875
11/21/2017,66.95,15858,68.475,69.3,66.8
11/20/2017,68.475,17616,67.3,68.95,66.975
11/17/2017,67.075,14644,66.525,68.075,66.35
11/16/2017,66.575,16819,67.3,67.5,66.275
11/15/2017,67.45,22989,67.5,67.825,66.25
11/14/2017,67.5,21086,70.275,70.3,67.375
11/13/2017,70.3,22530,70.25,70.675,69.9
11/10/2017,70.25,27284,63.1,63.1,62.15
11/09/2017,63.175,30194,63.575,63.9,62.625
11/08/2017,63.55,27622,64.125,64.25,63.35
11/07/2017,63.925,25421,64.6,64.6,63.6
11/06/2017,64.625,18747,65.075,65.15,64.425
11/03/2017,65.1,20093,66.05,66.3,64.775
11/02/2017,65.8,24906,66.475,66.475,65.3
11/01/2017,66.6,27486,67.95,68,66.3
10/31/2017,68,32257,65.625,68.175,65.425
10/30/2017,65.175,16637,64.45,65.3,64.325
10/27/2017,64.45,17692,65,65.15,63.675
10/26/2017,65.05,21020,64.625,65.55,64.1
10/25/2017,64.475,15421,63.875,64.675,63.675
10/24/2017,64.025,17935,63.5,64.375,62.95
10/23/2017,63.525,18432,64.9,65.325,63.45
10/20/2017,64.85,19097,64.275,64.925,63.9
10/19/2017,64.25,18160,64,64.65,63.6
10/18/2017,63.75,19256,62.3,63.8,62.3
10/17/2017,62.175,20537,64,64.5,61.975
10/16/2017,63.7,18146,62.5,63.875,62.3
10/13/2017,62.2,11392,61.75,62.4,61.525
10/12/2017,61.625,18980,62.75,63.125,61.3
10/11/2017,62.5,16008,62.15,62.875,61.925
10/10/2017,61.55,17109,61.225,62.35,61.225
10/09/2017,60.95,13907,60.925,61.325,60.6
10/06/2017,60.925,17074,62.9,62.9,60.7
10/05/2017,62.8,18374,62.1,63.125,61.725
10/04/2017,61.9,14588,62.3,62.9,61.825
10/03/2017,62.075,33393,62.2,63.45,61.4
10/02/2017,61.975,25484,59.725,62.675,59.625
09/29/2017,59.95,31721,57.775,61.175,57.35
09/28/2017,58.275,15817,59.3,59.9,58.175
09/27/2017,59.65,20878,58.1,59.75,57.925
09/26/2017,58.1,17873,57.6,58.325,56.95
09/25/2017,57.425,16473,56.3,57.75,56.1
09/22/2017,56.625,16351,57.025,57.5,56.5
09/21/2017,57.8,19694,59.75,59.825,57.75
09/20/2017,59.925,22357,59,60.1,58.725
09/19/2017,59.725,18346,58.2,59.8,57.925
09/18/2017,58.05,17302,57.8,58.725,57.475
09/15/2017,58.475,19953,56.3,58.625,56.2
09/14/2017,56.525,21031,56.7,57.25,56.325
09/13/2017,56.775,25450,56.7,57.375,56.45
09/12/2017,59.45,32636,60.725,60.925,59.225
09/11/2017,61.575,24306,61.825,62.275,61.25
09/08/2017,62.15,23713,61.2,62.95,61.075
09/07/2017,61.45,26830,62.825,63.05,61.325
09/06/2017,63.55,22077,64,64.35,63.25
09/05/2017,63.75,28888,62.075,64.45,61.875
09/01/2017,61.45,21584,61.3,62.575,61.175
08/31/2017,61.4,28321,61.675,62.6,61.275
08/30/2017,61.35,22977,60.4,61.7,60.15
08/29/2017,60.225,19474,61.625,61.75,59.825
08/28/2017,61.625,18683,62.775,63,61.575
08/25/2017,63.075,18345,63.925,64.3,62.775
08/24/2017,63.775,21806,63.55,64.025,62.625
08/23/2017,63.55,21418,63.6,63.775,62.775
08/22/2017,63.875,22018,64.85,65.15,63.35
08/21/2017,64.675,16313,65.5,65.7,64.25
08/18/2017,66.125,19173,66.5,66.8,65.425
08/17/2017,66.925,22034,68.475,68.475,66.425
08/16/2017,68.775,27200,70.6,71.325,67.95
08/15/2017,70.525,22492,69.475,70.9,69.375
08/14/2017,69.175,12948,68.7,69.475,68.625
08/11/2017,68.625,12803,68.2,68.875,67.825
08/10/2017,67.975,13523,68.15,68.5,67.625
08/09/2017,68.25,15031,67.925,68.75,67.725
08/08/2017,67.75,19853,68.55,68.9,67.7
08/07/2017,68.125,21404,66.95,68.525,66.625
08/04/2017,66.775,11914,65.9,66.95,65.85
08/03/2017,65.5,21158,66.1,66.325,64.675
08/02/2017,66.225,23139,64.4,66.75,64.125
08/01/2017,64.4,25362,65.9,66.075,64.225
07/31/2017,66.025,13418,66.5,66.75,65.925
07/28/2017,66.5,15942,67.825,68.15,66.375
07/27/2017,67.675,11965,67.4,67.85,66.75
07/26/2017,67.65,13504,67,67.975,67
07/25/2017,66.85,11605,67,67.225,66.625
07/24/2017,66.45,13644,66.975,67,65.8
07/21/2017,67.225,14655,67.875,68.35,67.025
07/20/2017,67.85,15155,68.7,69.075,67.775
07/19/2017,68.8,16569,68.325,69.55,67.45
07/18/2017,67.875,16416,68.175,68.5,67.3
07/17/2017,68.05,12954,67.45,68.25,66.9
07/14/2017,67.175,22192,68,69.375,66.875
07/13/2017,69.325,21763,68.975,70.525,69.2
07/12/2017,69.275,24582,69.7,70.3,69.1
07/11/2017,82.25,26886,82.175,83.075,82
07/10/2017,82,20418,83.3,83.825,81.85
07/07/2017,83.225,16721,82.5,83.65,82.5
07/06/2017,82.65,22389,84.675,84.825,82.2
07/05/2017,84.575,17942,84.9,85.375,84.15
07/03/2017,84.4,17216,83.75,84.875,83.5
06/30/2017,83.75,25386,81.2,83.75,81.1
06/29/2017,80.75,19301,79.85,81.525,79.75
06/28/2017,79.475,15428,78.55,79.9,78.425
06/27/2017,78.55,12968,79,79.225,77.775
06/26/2017,78.675,17043,78.75,80.525,78.35
06/23/2017,78.65,19609,79.95,79.975,77.9
06/22/2017,79.875,18036,82.225,82.375,79.675
06/21/2017,82.225,16833,81.95,82.4,81.25
06/20/2017,81.65,17378,81.85,82.275,80.775
06/19/2017,81.475,22997,79.65,81.95,79.4
06/16/2017,79.125,14486,78.875,79.3,77.85
06/15/2017,78.925,17411,80.35,81,77.6
06/14/2017,80.4,14319,80.85,81,79.7
06/13/2017,80.225,20465,80.3,81.625,80.05
06/12/2017,80,21845,81.8,81.875,79.475
06/09/2017,82.05,15269,81.625,82.475,81.575
06/08/2017,81.675,14963,80.55,81.75,80.55
06/07/2017,80.725,16150,81.25,81.4,80.3
06/06/2017,81.375,16748,80.3,81.975,80.25
06/05/2017,80.425,15543,81.875,82.475,80.375
06/02/2017,81.975,13692,82.45,82.625,81.425
06/01/2017,82.125,17204,83.5,83.525,81.675
05/31/2017,83.025,21411,81.3,83.35,81.3
05/30/2017,81,11186,81.9,81.95,80.775
05/26/2017,81.9,11975,80.475,82.025,80.425
05/25/2017,80.575,13024,79.675,80.675,79.2
05/24/2017,79.85,12298,80.325,80.85,79.625
05/23/2017,80.025,12396,79.8,80.5,79.45
05/22/2017,80.05,12142,80.05,80.625,79.675
05/19/2017,80.175,13703,80,80.225,78.65
05/18/2017,79.275,11441,78.55,79.4,77.825
05/17/2017,79,12595,79.7,79.95,78.9
05/16/2017,79.475,11837,78.25,79.7,77.4
05/15/2017,78.35,11053,78.7,79,78.175
05/12/2017,78.6,13568,77.125,78.75,77.1
05/11/2017,77.05,21418,77.5,77.575,76.375
05/10/2017,77.2,22410,77.775,77.95,76.775
05/09/2017,77.375,25286,77.6,78.425,77.175
05/08/2017,77.375,22341,76.75,77.55,76.175
05/05/2017,76.325,21189,76.575,77.1,75.875
05/04/2017,76.475,18036,75.75,76.575,75.7
05/03/2017,75.55,19954,74.4,75.825,74.375
05/02/2017,74.15,16233,73.5,74.475,73.375
05/01/2017,73.275,12796,74,74.3,73.025
04/28/2017,74,21564,73.225,74.225,72.825
04/27/2017,72.825,20647,71.4,73.65,71.3
04/26/2017,70.75,17006,71.825,72.45,70.625
04/25/2017,71.825,22542,69.4,72.2,69.4
04/24/2017,69.525,13440,68.725,69.625,68.375
04/21/2017,68.325,18890,68.825,69.25,67.775
04/20/2017,68.675,24228,69.65,70.375,68.55
04/19/2017,69.95,16647,70,70.9,69.9
04/18/2017,71.5,17036,72.35,72.475,70.625
04/17/2017,72.35,6859,72.5,72.9,71.9
04/13/2017,72.5,14245,72.75,72.675,71.525
04/12/2017,72.275,15890,72,73.45,71.925
04/11/2017,74,15544,73,74.1,72.625
04/10/2017,73.275,10972,73,73.425,72.35
04/07/2017,72.775,14026,73.425,73.45,72.325
04/06/2017,73.7,12603,72.35,73.775,72.075
04/05/2017,72.025,10505,72.2,72.7,71.725
04/04/2017,71.975,11392,72.575,72.95,71.825
04/03/2017,72.65,12912,73.95,74.6,72.525
03/31/2017,73.85,11979,74.125,74.125,73.225
03/30/2017,74.25,15387,72.525,74.4,72.475
03/29/2017,72.75,11547,72.6,73.475,72.25
03/28/2017,72.45,14367,73.65,73.75,72.3
03/27/2017,73.525,17054,73.675,75.325,73.375
03/24/2017,75.75,18706,77.6,78.25,75.025
03/23/2017,77.6,23811,77.5,77.775,74.125
03/22/2017,75.75,11813,76.5,76.8,75.55
03/21/2017,76.325,9936,77.425,77.525,76.075
03/20/2017,77.375,9918,77.425,77.975,76.9
03/17/2017,77.325,8077,77.8,78.275,77.15
03/16/2017,78.675,9163,79,79.175,78.325
03/15/2017,78.825,11370,79,79.225,78.325
03/14/2017,79.175,13384,78.975,79.375,78.25
03/13/2017,78.725,16594,76.8,78.8,76.675
03/10/2017,76.9,14931,76.975,77.1,76.05
03/09/2017,68.075,24320,68.725,68.975,67.55
03/08/2017,68.425,21920,68.15,68.675,67.9
03/07/2017,68.05,21807,67.4,68.4,66.95
03/06/2017,67.175,14520,67.275,68.175,66.8
03/03/2017,66.75,19042,68,68,66.575
03/02/2017,68.275,23013,68.55,69.625,68.1
03/01/2017,68.425,20911,68.25,68.9,67.525
02/28/2017,67.6,18661,68.3,68.375,67.175
02/27/2017,68.125,15542,68.25,69,67.875
02/24/2017,68.025,19285,66.7,68.225,66.325
02/23/2017,66.575,23906,67.5,67.5,66.025
02/22/2017,67.75,27095,70,70,67.525
02/21/2017,70.35,15316,71.25,71.575,70.25
02/17/2017,70.775,15180,69.825,71.125,69.825
02/16/2017,69.825,18706,71.075,71.775,69.75
02/15/2017,70.775,16543,71.775,72.325,70.65
02/14/2017,71.3,15164,70,71.625,70
02/13/2017,69.7,17430,69.7,71.775,69
02/10/2017,71.075,12162,71,71.65,70.675
02/09/2017,70.775,14513,72.125,72.25,70.625
02/08/2017,71.725,15459,72.05,72.65,71.275
02/07/2017,72.175,19617,71.525,72.35,71.5
02/06/2017,71.225,18011,71,71.4,70
02/03/2017,70.25,13110,69.575,70.325,68.9
02/02/2017,69.575,14332,69.1,69.725,68.375
02/01/2017,69.1,16216,69.525,69.975,68.225
01/31/2017,69.25,17068,68.55,70.2,68.425
01/30/2017,68.225,11824,68.4,69.025,67.825
01/27/2017,68.3,15181,67.55,68.8,66.625
01/26/2017,67.225,20527,68.6,70.425,68.35
01/25/2017,70.15,20527,68.6,70.425,68.35
01/24/2017,67.625,10583,67.95,68.325,67.525
01/23/2017,67.775,11016,68.5,68.575,67.175
01/20/2017,68.475,9765,68.95,69.075,68.175
