Date,Price,Open,High,Low,Vol.,Change %
31-Dec-21,75.21,76.66,77.08,74.95,237.12K,-0.0231
30-Dec-21,76.99,76.58,77.44,75.78,231.16K,0.0056
29-Dec-21,76.56,76.04,77.37,75.36,283.56K,0.0076
28-Dec-21,75.98,75.97,76.92,75.53,249.73K,0.0054
27-Dec-21,75.57,73.38,76.09,72.57,268.49K,0.0241
23-Dec-21,73.79,73.03,73.95,72.27,270.22K,0.0142
22-Dec-21,72.76,71.27,73.16,70.8,306.71K,0.0231
21-Dec-21,71.12,69.21,71.55,68.56,358.78K,0.0424
20-Dec-21,68.23,70.07,70.07,66.04,36.73K,-0.0371
17-Dec-21,70.86,71.92,72.26,69.89,78.13K,-0.021
16-Dec-21,72.38,71.48,72.99,71.03,142.54K,0.0213
15-Dec-21,70.87,70.35,71.66,69.39,294.34K,0.002
14-Dec-21,70.73,71.12,72.03,69.51,359.45K,-0.0079
13-Dec-21,71.29,72.04,73,70.71,406.60K,-0.0053
10-Dec-21,71.67,70.68,72.33,70.32,397.88K,0.0103
9-Dec-21,70.94,72.52,73.34,70.39,393.21K,-0.0196
8-Dec-21,72.36,71.86,73,70.91,464.85K,0.0043
7-Dec-21,72.05,69.72,73.03,69.52,496.53K,0.0368
6-Dec-21,69.49,67.02,70.15,66.72,401.06K,0.0487
3-Dec-21,66.26,67.5,69.22,65.6,449.97K,-0.0036
2-Dec-21,66.5,65.63,67.49,62.43,668.29K,0.0142
1-Dec-21,65.57,67.01,69.49,64.84,602.45K,-0.0092
30-Nov-21,66.18,70.04,71.22,64.43,722.48K,-0.0539
29-Nov-21,69.95,69.23,72.93,68.86,675.09K,0.0264
26-Nov-21,68.15,78.34,78.65,67.4,844.63K,-0.1196
25-Nov-21,77.41,78.38,78.65,77.28,-,-0.0125
24-Nov-21,78.39,78.48,79.23,77.98,328.85K,-0.0014
23-Nov-21,78.5,76.46,78.86,75.3,506.99K,0.0228
22-Nov-21,76.75,75.75,77.16,74.76,465.77K,0.0085
19-Nov-21,76.1,78.76,79.92,75.37,30.70K,-0.0368
18-Nov-21,79.01,78.34,79.36,77.08,83.98K,0.0083
17-Nov-21,78.36,80.54,80.69,77.69,174.47K,-0.0297
16-Nov-21,80.76,80.93,81.81,80.03,325.67K,-0.0015
15-Nov-21,80.88,80.66,81.2,79.3,343.48K,0.0011
12-Nov-21,80.79,81.21,81.62,79.78,390.30K,-0.0098
11-Nov-21,81.59,81.41,82.33,80.2,475.44K,0.0031
10-Nov-21,81.34,84.53,84.97,80.81,555.22K,-0.0334
9-Nov-21,84.15,82.16,84.63,81.78,504.83K,0.0271
8-Nov-21,81.93,81.13,82.67,81.05,393.95K,0.0081
5-Nov-21,81.27,79.37,81.8,78.96,531.05K,0.0312
4-Nov-21,78.81,80.18,83.42,78.25,701.12K,-0.0254
3-Nov-21,80.86,83.07,83.08,79.69,546.58K,-0.0363
2-Nov-21,83.91,83.87,84.41,82.92,429.61K,-0.0017
1-Nov-21,84.05,83.36,84.88,82.74,412.31K,0.0057
29-Oct-21,83.57,83.09,83.74,81.41,507.31K,0.0092
28-Oct-21,82.81,82.25,83.21,80.58,491.59K,0.0018
27-Oct-21,82.66,84.39,84.51,82.01,529.95K,-0.0235
26-Oct-21,84.65,83.72,84.88,82.97,467.72K,0.0106
25-Oct-21,83.76,83.98,85.41,83.39,568.73K,0
22-Oct-21,83.76,82.61,84.22,81.76,465.36K,0.0153
21-Oct-21,82.5,83.58,83.96,80.79,567.50K,-0.0163
20-Oct-21,83.87,83.34,84.25,81.3,25.72K,0.011
19-Oct-21,82.96,82.37,83.74,81.8,82.61K,0.0063
18-Oct-21,82.44,82.6,83.87,81.84,134.10K,0.0019
15-Oct-21,82.28,81.48,82.66,81.39,277.95K,0.0119
14-Oct-21,81.31,80.59,81.68,80.38,399.81K,0.0108
13-Oct-21,80.44,80.58,81.04,79.42,487.22K,-0.0025
12-Oct-21,80.64,80.5,81.62,79.47,598.18K,0.0015
11-Oct-21,80.52,79.59,82.18,79.55,653.76K,0.0147
8-Oct-21,79.35,78.86,80.11,78.63,662.01K,0.0134
7-Oct-21,78.3,77,78.89,74.96,545.01K,0.0112
6-Oct-21,77.43,79.04,79.78,76.83,459.06K,-0.019
5-Oct-21,78.93,77.58,79.48,77.47,449.62K,0.0169
4-Oct-21,77.62,75.9,78.38,75.32,458.01K,0.0229
1-Oct-21,75.88,75.12,75.99,74.23,389.00K,0.0113
30-Sep-21,75.03,74.78,76.07,73.14,583.19K,0.0027
29-Sep-21,74.83,74.38,75.79,73.74,424.19K,-0.0061
28-Sep-21,75.29,75.43,76.67,74.24,476.14K,-0.0021
27-Sep-21,75.45,74.19,75.75,74.16,417.83K,0.0199
24-Sep-21,73.98,73.24,74.27,72.81,350.38K,0.0093
23-Sep-21,73.3,71.97,73.5,71.61,403.41K,0.0148
22-Sep-21,72.23,70.85,72.3,70.64,381.06K,0.0237
21-Sep-21,70.56,70.59,71.63,69.67,37.61K,0.0038
20-Sep-21,70.29,71.92,72.08,69.86,75.84K,-0.0233
17-Sep-21,71.97,72.62,72.72,71.21,119.93K,-0.0088
16-Sep-21,72.61,72.65,72.99,71.53,298.41K,0
15-Sep-21,72.61,70.76,73.14,70.65,418.67K,0.0305
14-Sep-21,70.46,70.64,71.22,69.98,414.23K,0.0001
13-Sep-21,70.45,69.74,70.97,69.51,390.94K,0.0105
10-Sep-21,69.72,67.97,69.96,67.68,411.08K,0.0232
9-Sep-21,68.14,69.36,69.89,67.56,556.45K,-0.0167
8-Sep-21,69.3,68.37,69.75,68.31,389.33K,0.0139
7-Sep-21,68.35,69.11,69.48,67.64,481.70K,-0.0065
6-Sep-21,68.8,68.75,69.47,68.27,-,0.0007
5-Sep-21,68.75,69.22,69.23,68.73,-,-0.0078
3-Sep-21,69.29,69.76,70.53,69.05,313.09K,-0.01
2-Sep-21,69.99,68.29,70.61,67.84,403.31K,0.0204
1-Sep-21,68.59,68.55,69.24,67.12,399.50K,0.0013
31-Aug-21,68.5,69.18,69.34,68.16,325.85K,-0.0103
30-Aug-21,69.21,69.3,69.64,67.67,360.80K,0.0068
27-Aug-21,68.74,67.75,69.05,67.52,326.06K,0.0196
26-Aug-21,67.42,68,68.31,67.02,344.29K,-0.0138
25-Aug-21,68.36,67.63,68.54,66.92,353.74K,0.0121
24-Aug-21,67.54,65.54,67.8,65.41,335.89K,0.0289
23-Aug-21,65.64,61.96,66,61.74,397.29K,0.0533
20-Aug-21,62.32,64.05,64.1,62.11,24.63K,-0.0215
19-Aug-21,63.69,64.58,64.76,62.63,88.24K,-0.027
18-Aug-21,65.46,66.58,67.48,64.34,121.20K,-0.017
17-Aug-21,66.59,67.43,67.72,66.33,235.30K,-0.0104
16-Aug-21,67.29,67.71,68.27,65.73,334.84K,-0.0168
13-Aug-21,68.44,68.91,69.22,67.77,272.03K,-0.0094
12-Aug-21,69.09,69.36,69.62,68.46,352.47K,-0.0023
11-Aug-21,69.25,68.51,69.45,66.67,513.29K,0.0141
10-Aug-21,68.29,66.85,68.9,66.56,452.13K,0.0272
9-Aug-21,66.48,67.88,67.9,65.15,598.38K,-0.0264
6-Aug-21,68.28,69.14,70.18,67.8,537.14K,-0.0117
5-Aug-21,69.09,68.06,69.35,67.61,416.33K,0.0138
4-Aug-21,68.15,70.32,70.81,67.85,582.92K,-0.0342
3-Aug-21,70.56,71.52,71.96,69.19,509.94K,-0.0098
2-Aug-21,71.26,73.91,73.95,70.55,448.20K,-0.0364
30-Jul-21,73.95,73.41,74.23,72.93,303.70K,0.0045
29-Jul-21,73.62,72.4,73.68,72.26,294.46K,0.017
28-Jul-21,72.39,71.9,72.6,71.7,318.91K,0.0103
27-Jul-21,71.65,72.22,72.33,71.08,333.12K,-0.0036
26-Jul-21,71.91,72.18,72.43,70.56,395.74K,-0.0022
23-Jul-21,72.07,71.71,72.21,71.39,274.78K,0.0022
22-Jul-21,71.91,70.22,72.03,69.86,435.18K,0.0229
21-Jul-21,70.3,66.45,70.51,66.44,503.03K,0.0427
20-Jul-21,67.42,66.6,67.65,65.21,29.74K,0.0151
19-Jul-21,66.42,71.49,71.67,65.63,82.57K,-0.0751
16-Jul-21,71.81,71.48,72.3,70.41,133.93K,0.0022
15-Jul-21,71.65,72.96,72.96,71.4,368.68K,-0.0202
14-Jul-21,73.13,75.17,75.44,72.21,528.36K,-0.0282
13-Jul-21,75.25,74.18,75.52,73.68,444.08K,0.0155
12-Jul-21,74.1,74.74,74.93,73.16,397.93K,-0.0062
9-Jul-21,74.56,73.26,74.76,72.72,422.15K,0.0222
8-Jul-21,72.94,72.17,73.26,70.76,529.69K,0.0102
7-Jul-21,72.2,73.85,74.86,71.07,607.97K,-0.0159
6-Jul-21,73.37,75.35,76.98,72.94,714.04K,-0.0378
5-Jul-21,76.25,75.15,76.4,74.75,-,0.0148
4-Jul-21,75.14,75.22,75.28,75,-,-0.0003
2-Jul-21,75.16,75.02,75.62,74.41,377.53K,-0.0009
1-Jul-21,75.23,73.5,76.22,73.39,615.68K,0.024
30-Jun-21,73.47,73.47,74.14,72.82,383.63K,0.0067
29-Jun-21,72.98,72.78,73.81,71.97,321.45K,0.001
28-Jun-21,72.91,73.99,74.45,72.62,354.70K,-0.0154
25-Jun-21,74.05,73.32,74.18,72.85,364.72K,0.0102
24-Jun-21,73.3,73.28,73.61,72.32,334.83K,0.003
23-Jun-21,73.08,72.91,74.25,72.82,429.21K,0.0003
22-Jun-21,73.06,73.41,73.95,72.94,29.00K,-0.0081
21-Jun-21,73.66,71.52,73.96,71.15,123.66K,0.0282
18-Jun-21,71.64,71.1,72.17,70.16,139.58K,0.0084
17-Jun-21,71.04,71.65,72.3,69.77,373.78K,-0.0154
16-Jun-21,72.15,72.45,72.99,71.61,426.78K,0.0004
15-Jun-21,72.12,71.16,72.49,70.81,336.04K,0.0175
14-Jun-21,70.88,70.65,71.78,70.65,319.64K,-0.0004
11-Jun-21,70.91,70.1,71.24,69.68,563.58K,0.0088
10-Jun-21,70.29,69.76,70.65,68.68,492.46K,0.0047
9-Jun-21,69.96,70.01,70.62,69.46,410.82K,-0.0013
8-Jun-21,70.05,69.29,70.27,68.47,441.30K,0.0118
7-Jun-21,69.23,69.52,70,68.93,365.62K,-0.0056
4-Jun-21,69.62,68.91,69.76,68.33,326.25K,0.0118
3-Jun-21,68.81,68.76,69.4,68.19,351.37K,-0.0003
2-Jun-21,68.83,67.99,69,67.78,333.00K,0.0164
1-Jun-21,67.72,66.68,68.87,66.41,570.99K,0.0114
31-May-21,66.96,66.58,67.41,66.41,-,0.0056
30-May-21,66.59,66.7,66.75,66.53,-,0.0041
28-May-21,66.32,66.95,67.52,66.17,390.46K,-0.0079
27-May-21,66.85,66.16,66.92,65.47,337.54K,0.0097
26-May-21,66.21,66.04,66.43,65.25,376.21K,0.0021
25-May-21,66.07,66.02,66.51,65.41,497.39K,0.0003
24-May-21,66.05,63.87,66.14,63.63,466.65K,0.0388
21-May-21,63.58,61.89,64.07,61.56,530.83K,0.0247
20-May-21,62.05,63.39,63.96,61.89,29.62K,-0.0207
19-May-21,63.36,65.28,65.35,61.95,101.90K,-0.0325
18-May-21,65.49,66.33,67.01,64.11,167.35K,-0.0118
17-May-21,66.27,65.5,66.43,64.83,268.48K,0.0138
14-May-21,65.37,63.83,65.62,63.33,383.75K,0.0243
13-May-21,63.82,65.75,65.81,63.09,547.69K,-0.0342
12-May-21,66.08,65.46,66.63,64.97,508.52K,0.0123
11-May-21,65.28,64.9,65.5,63.68,514.95K,0.0055
10-May-21,64.92,65.57,65.75,63.95,448.34K,0.0003
7-May-21,64.9,64.9,65.24,63.9,431.42K,0.0029
6-May-21,64.71,65.27,65.98,64.5,389.21K,-0.014
5-May-21,65.63,66.45,66.76,64.92,460.07K,-0.0009
4-May-21,65.69,64.53,66.19,64.29,370.21K,0.0186
3-May-21,64.49,63.64,64.68,62.91,285.97K,0.0143
30-Apr-21,63.58,64.88,64.95,63.08,400.52K,-0.022
29-Apr-21,65.01,63.7,65.47,63.65,384.49K,0.018
28-Apr-21,63.86,63.04,64.53,62.67,387.68K,0.0146
27-Apr-21,62.94,61.97,63.3,61.91,361.54K,0.0166
26-Apr-21,61.91,62.06,62.31,60.66,366.87K,-0.0037
23-Apr-21,62.14,61.65,62.43,61.25,345.41K,0.0116
22-Apr-21,61.43,61.11,61.87,60.61,344.70K,0.0013
21-Apr-21,61.35,62.39,62.56,60.86,431.49K,-0.0175
20-Apr-21,62.44,63.47,64.25,61.5,33.04K,-0.0148
19-Apr-21,63.38,62.98,63.63,62.63,74.38K,0.004
16-Apr-21,63.13,63.32,63.88,62.83,87.80K,-0.0052
15-Apr-21,63.46,62.83,63.57,62.53,243.37K,0.0049
14-Apr-21,63.15,60.44,63.44,60.38,419.81K,0.0494
13-Apr-21,60.18,59.64,60.59,59.64,349.73K,0.008
12-Apr-21,59.7,59.35,60.77,58.73,410.22K,0.0064
9-Apr-21,59.32,59.76,59.95,59.1,351.44K,-0.0047
8-Apr-21,59.6,59.52,59.93,58.82,419.91K,-0.0028
7-Apr-21,59.77,59.26,60.04,58.12,475.54K,0.0074
6-Apr-21,59.33,58.8,60.9,58.62,457.35K,0.0116
5-Apr-21,58.65,61.5,61.5,57.63,438.86K,-0.0456
1-Apr-21,61.45,59.49,61.75,58.86,605.57K,0.0387
31-Mar-21,59.16,60.45,61.17,58.85,414.16K,-0.023
30-Mar-21,60.55,61.96,62.27,59.94,388.19K,-0.0164
29-Mar-21,61.56,60.93,61.77,59.41,449.36K,0.0097
26-Mar-21,60.97,58.48,61.36,58.32,472.00K,0.0412
25-Mar-21,58.56,60.8,60.86,57.44,580.11K,-0.0428
24-Mar-21,61.18,57.4,61.34,57.29,566.29K,0.0592
23-Mar-21,57.76,61.28,61.35,57.25,712.32K,-0.0616
22-Mar-21,61.55,61.55,61.9,60.39,28.26K,0.0021
19-Mar-21,61.42,59.56,61.72,58.94,84.17K,0.0237
18-Mar-21,60,64.42,64.82,58.2,143.60K,-0.0712
17-Mar-21,64.6,64.75,65.34,63.6,254.72K,-0.0031
16-Mar-21,64.8,65.33,65.43,63.8,317.54K,-0.009
15-Mar-21,65.39,65.56,66.4,64.13,378.01K,-0.0034
12-Mar-21,65.61,65.96,66.24,65.41,321.71K,-0.0062
11-Mar-21,66.02,64.7,66.21,64.54,441.06K,0.0245
10-Mar-21,64.44,63.84,64.96,63.13,498.49K,0.0067
9-Mar-21,64.01,64.73,65.98,63.63,554.56K,-0.016
8-Mar-21,65.05,66.68,67.98,64.57,533.38K,-0.0157
5-Mar-21,66.09,64.16,66.42,63.82,573.17K,0.0354
4-Mar-21,63.83,61.08,64.86,60.52,694.63K,0.0416
3-Mar-21,61.28,59.55,61.99,59.24,465.31K,0.0256
2-Mar-21,59.75,60.23,61.21,59.38,464.13K,-0.0147
1-Mar-21,60.64,61.95,62.92,59.96,456.68K,-0.014
26-Feb-21,61.5,63.46,63.57,61.34,472.72K,-0.032
25-Feb-21,63.53,63.39,63.81,62.65,510.36K,0.0049
24-Feb-21,63.22,61.29,63.51,60.97,489.93K,0.0251
23-Feb-21,61.67,62.16,63,60.67,570.68K,0.0029
22-Feb-21,61.49,58.88,61.84,58.82,37.04K,0.038
19-Feb-21,59.24,60.2,60.29,58.59,102.43K,-0.0212
18-Feb-21,60.52,61.68,62.26,59.79,132.04K,-0.0101
17-Feb-21,61.14,60.24,61.73,59.43,335.42K,0.0182
16-Feb-21,60.05,59.98,60.95,59.33,602.33K,-0.0007
15-Feb-21,60.09,60.36,60.95,59.96,-,-0.0046
14-Feb-21,60.37,60.01,60.75,60.01,-,0.0151
12-Feb-21,59.47,57.94,59.82,57.41,480.82K,0.0211
11-Feb-21,58.24,58.4,58.71,57.84,380.45K,-0.0075
10-Feb-21,58.68,58.45,58.91,58.08,457.54K,0.0055
9-Feb-21,58.36,58.11,58.62,57.27,514.70K,0.0067
8-Feb-21,57.97,57.06,58.14,57,399.72K,0.0197
5-Feb-21,56.85,56.46,57.29,56.43,400.83K,0.011
4-Feb-21,56.23,55.96,56.58,55.3,381.40K,0.0097
3-Feb-21,55.69,55.05,56.33,54.81,448.69K,0.017
2-Feb-21,54.76,53.48,55.26,53.45,463.72K,0.0226
1-Feb-21,53.55,51.99,53.74,51.64,416.07K,0.0259
29-Jan-21,52.2,52.15,53.25,51.93,410.91K,-0.0027
28-Jan-21,52.34,52.65,53.58,52.04,411.41K,-0.0096
27-Jan-21,52.85,52.76,53.3,51.85,442.38K,0.0046
26-Jan-21,52.61,52.91,53.25,52.29,314.54K,-0.003
25-Jan-21,52.77,52.17,52.95,51.82,349.08K,0.0096
22-Jan-21,52.27,53.1,53.16,51.44,437.48K,-0.0162
21-Jan-21,53.13,52.93,53.41,52.75,352.40K,-0.0021
20-Jan-21,53.24,53.13,53.79,53.05,37.84K,0.0049
19-Jan-21,52.98,52,53.13,51.76,125.96K,0.0118
18-Jan-21,52.36,52.2,52.61,51.83,-,0.0031
17-Jan-21,52.2,52.09,52.38,52.09,-,-0.0031
15-Jan-21,52.36,53.8,53.83,51.83,165.67K,-0.0226
14-Jan-21,53.57,52.84,53.75,52.24,390.09K,0.0125
13-Jan-21,52.91,53.31,53.93,52.58,429.90K,-0.0056
12-Jan-21,53.21,52.18,53.45,52.07,400.20K,0.0184
11-Jan-21,52.25,52.58,52.7,51.5,394.82K,0.0002
8-Jan-21,52.24,50.93,52.75,50.81,499.42K,0.0277
7-Jan-21,50.83,50.53,51.28,50.39,369.29K,0.004
6-Jan-21,50.63,49.82,50.94,49.48,509.37K,0.014
5-Jan-21,49.93,47.38,50.2,47.24,643.19K,0.0485
4-Jan-21,47.62,48.4,49.83,47.18,528.53K,-0.0185
31-Dec-20,48.52,48.35,48.58,47.77,181.89K,0.0025
30-Dec-20,48.4,48.13,48.66,47.61,266.96K,0.0083
29-Dec-20,48,47.72,48.35,47.68,213.78K,0.008
28-Dec-20,47.62,48.23,48.96,47.5,238.46K,-0.0126
24-Dec-20,48.23,48.09,48.62,47.56,167.39K,0.0023
23-Dec-20,48.12,46.79,48.5,46.16,344.31K,0.0234
22-Dec-20,47.02,47.93,47.96,46.6,295.74K,-0.0151
21-Dec-20,47.74,48.54,48.61,46.18,27.96K,-0.0277
18-Dec-20,49.1,48.43,49.28,48.1,83.71K,0.0153
17-Dec-20,48.36,47.85,48.59,47.81,96.54K,0.0113
16-Dec-20,47.82,47.6,47.94,47.17,275.33K,0.0042
15-Dec-20,47.62,46.99,47.73,46.54,311.17K,0.0134
14-Dec-20,46.99,46.73,47.44,45.69,403.54K,0.009
11-Dec-20,46.57,46.97,47.29,46.34,367.31K,-0.0045
10-Dec-20,46.78,45.69,47.74,45.52,447.53K,0.0277
9-Dec-20,45.52,45.6,46.24,44.95,434.98K,-0.0018
8-Dec-20,45.6,45.66,45.93,45.14,332.64K,-0.0035
7-Dec-20,45.76,46.15,46.54,45.36,348.87K,-0.0108
4-Dec-20,46.26,45.64,46.68,45.61,335.45K,0.0136
3-Dec-20,45.64,44.99,45.84,44.66,350.77K,0.008
2-Dec-20,45.28,44.38,45.92,43.92,368.85K,0.0164
1-Dec-20,44.55,45.08,45.7,44.12,314.92K,-0.0174
30-Nov-20,45.34,45.34,45.8,44.42,370.76K,-0.0042
27-Nov-20,45.53,45.9,46.09,44.55,365.13K,0.0122
26-Nov-20,44.98,45.77,46.09,44.73,-,-0.016
25-Nov-20,45.71,44.82,46.26,44.73,417.18K,0.0178
24-Nov-20,44.91,42.84,45.2,42.82,418.53K,0.043
23-Nov-20,43.06,42.46,43.36,42.29,300.72K,0.0216
20-Nov-20,42.15,41.7,42.32,41.51,29.78K,0.0098
19-Nov-20,41.74,41.61,41.98,41.08,88.14K,-0.0019
18-Nov-20,41.82,41.35,42.46,41.08,107.01K,0.0094
17-Nov-20,41.43,41.44,41.69,40.57,243.68K,0.0022
16-Nov-20,41.34,40.17,42.09,40.15,378.79K,0.0302
13-Nov-20,40.13,40.94,40.94,40.06,338.19K,-0.0241
12-Nov-20,41.12,41.47,42.19,40.87,401.03K,-0.008
11-Nov-20,41.45,41.79,43.06,41.32,443.77K,0.0022
10-Nov-20,41.36,39.91,41.84,39.41,457.05K,0.0266
9-Nov-20,40.29,37.34,41.33,37.16,622.92K,0.0848
6-Nov-20,37.14,38.54,38.61,37.06,411.03K,-0.0425
5-Nov-20,38.79,39.17,39.35,38.27,298.37K,-0.0092
4-Nov-20,39.15,38.15,39.25,37.26,437.00K,0.0396
3-Nov-20,37.66,37.03,38.32,36.57,410.61K,0.0231
2-Nov-20,36.81,35.24,37.15,33.64,489.20K,0.0285
30-Oct-20,35.79,36.07,36.6,35.21,388.97K,-0.0105
29-Oct-20,36.17,37.39,37.76,34.92,568.82K,-0.0326
28-Oct-20,37.39,38.97,39.01,36.97,489.95K,-0.0551
27-Oct-20,39.57,38.59,39.83,38.51,339.54K,0.0262
26-Oct-20,38.56,39.69,39.74,38.28,360.18K,-0.0324
23-Oct-20,39.85,40.61,40.92,39.57,268.93K,-0.0194
22-Oct-20,40.64,40.04,41.02,39.71,307.49K,0.0152
21-Oct-20,40.03,41.22,41.59,39.78,366.90K,-0.0345
20-Oct-20,41.46,40.65,41.7,40.25,24.52K,0.0154
19-Oct-20,40.83,40.69,41.22,40.54,75.34K,-0.0012
16-Oct-20,40.88,40.88,41.05,40.08,96.49K,-0.002
15-Oct-20,40.96,41.13,41.29,39.22,248.25K,-0.0019
14-Oct-20,41.04,40.19,41.16,39.82,328.30K,0.0209
13-Oct-20,40.2,39.53,40.53,39.35,375.47K,0.0195
12-Oct-20,39.43,40.4,40.45,39.04,322.04K,-0.0288
9-Oct-20,40.6,41.31,41.47,40.38,331.70K,-0.0143
8-Oct-20,41.19,39.99,41.33,39.76,409.79K,0.031
7-Oct-20,39.95,39.83,40.35,39.28,433.07K,-0.0177
6-Oct-20,40.67,39.35,40.86,39.1,400.53K,0.037
5-Oct-20,39.22,37,39.72,37,378.58K,0.0586
2-Oct-20,37.05,38.6,38.65,36.63,391.43K,-0.0431
1-Oct-20,38.72,39.9,40.47,37.61,443.44K,-0.0373
30-Sep-20,40.22,39.16,40.37,38.68,340.29K,0.0237
29-Sep-20,39.29,40.58,40.7,38.41,379.60K,-0.0323
28-Sep-20,40.6,40.07,40.8,39.78,226.43K,0.0087
25-Sep-20,40.25,40.15,40.64,39.71,229.03K,-0.0015
24-Sep-20,40.31,39.6,40.37,39.12,269.99K,0.0095
23-Sep-20,39.93,39.76,40.75,39.26,318.75K,0.0083
22-Sep-20,39.6,39.63,40.02,39,23.22K,0.0074
21-Sep-20,39.31,40.98,41.27,38.66,66.20K,-0.0438
18-Sep-20,41.11,40.97,41.49,40.3,73.76K,0.0034
17-Sep-20,40.97,40.19,41.22,39.42,280.67K,0.0202
16-Sep-20,40.16,38.35,40.34,38.35,367.61K,0.0491
15-Sep-20,38.28,37.28,38.57,37.06,348.86K,0.0274
14-Sep-20,37.26,37.32,37.68,36.82,347.56K,-0.0019
11-Sep-20,37.33,37.01,37.82,36.67,363.79K,0.0008
10-Sep-20,37.3,37.8,38.18,36.93,367.56K,-0.0197
9-Sep-20,38.05,36.79,38.45,36.16,455.36K,0.0351
8-Sep-20,36.76,39.48,39.59,36.13,720.98K,-0.0622
7-Sep-20,39.2,38.77,39.53,38.77,-,0.0116
6-Sep-20,38.75,39.47,39.48,38.57,-,-0.0256
4-Sep-20,39.77,41.25,41.87,39.35,444.18K,-0.0387
3-Sep-20,41.37,41.63,41.79,40.22,417.63K,-0.0034
2-Sep-20,41.51,43.02,43.21,41.23,421.77K,-0.0292
1-Sep-20,42.76,42.83,43.43,42.72,285.15K,0.0035
31-Aug-20,42.61,42.91,43.57,42.56,236.88K,-0.0084
28-Aug-20,42.97,42.98,43.42,42.69,272.80K,-0.0016
27-Aug-20,43.04,43.45,43.5,42.36,320.97K,-0.0081
26-Aug-20,43.39,43.39,43.78,43,262.24K,0.0009
25-Aug-20,43.35,42.36,43.57,42.31,330.80K,0.0171
24-Aug-20,42.62,42.48,42.89,42.23,294.73K,0.0066
21-Aug-20,42.34,42.75,42.96,41.46,345.37K,-0.0056
20-Aug-20,42.58,42.74,42.79,41.5,27.43K,-0.0082
19-Aug-20,42.93,42.6,43.03,42.36,81.30K,0.0009
18-Aug-20,42.89,42.79,42.99,42.11,111.63K,0
17-Aug-20,42.89,42.24,42.97,41.8,208.43K,0.0209
14-Aug-20,42.01,42.33,42.57,41.62,310.87K,-0.0054
13-Aug-20,42.24,42.57,42.84,42.09,329.51K,-0.0101
12-Aug-20,42.67,41.62,42.9,41.53,397.83K,0.0255
11-Aug-20,41.61,41.98,42.94,41.48,432.84K,-0.0079
10-Aug-20,41.94,41.5,42.33,41.17,367.80K,0.0175
7-Aug-20,41.22,41.97,42.22,41.06,399.00K,-0.0174
6-Aug-20,41.95,42.19,42.65,41.61,359.61K,-0.0057
5-Aug-20,42.19,41.56,43.52,41.47,491.27K,0.0118
4-Aug-20,41.7,40.78,42.08,40.14,451.58K,0.0168
3-Aug-20,41.01,40.39,41.24,39.58,338.33K,0.0184
31-Jul-20,40.27,40.34,40.55,39.66,318.79K,0.0088
30-Jul-20,39.92,41.32,41.39,38.72,487.33K,-0.0327
29-Jul-20,41.27,41.13,41.57,40.93,295.86K,0.0056
28-Jul-20,41.04,41.65,41.93,40.85,276.80K,-0.0135
27-Jul-20,41.6,41.26,41.82,40.48,377.71K,0.0075
24-Jul-20,41.29,41.06,41.67,40.66,353.16K,0.0054
23-Jul-20,41.07,41.95,42.36,40.83,389.41K,-0.0198
22-Jul-20,41.9,41.54,42.03,41.14,333.65K,-0.0014
21-Jul-20,41.96,40.65,42.4,40.64,25.62K,0.0282
20-Jul-20,40.81,40.64,40.91,39.83,60.18K,0.0054
17-Jul-20,40.59,40.72,40.9,40.02,88.22K,-0.0039
16-Jul-20,40.75,40.97,41.18,40.52,200.10K,-0.0109
15-Jul-20,41.2,40.55,41.26,40.08,352.54K,0.0226
14-Jul-20,40.29,39.6,40.57,39.07,426.97K,0.0047
13-Jul-20,40.1,40.35,40.72,39.47,370.72K,-0.0111
10-Jul-20,40.55,39.58,40.77,38.54,393.15K,0.0235
9-Jul-20,39.62,40.87,40.99,39.27,367.39K,-0.0313
8-Jul-20,40.9,40.48,41.08,40.3,286.74K,0.0069
7-Jul-20,40.62,40.68,40.95,39.9,256.60K,-0.0002
6-Jul-20,40.63,40.31,41.08,39.84,373.24K,0.0087
3-Jul-20,40.28,40.23,40.5,39.86,-,-0.0091
2-Jul-20,40.65,39.78,40.74,39.46,347.10K,0.0208
1-Jul-20,39.82,39.84,40.58,39.05,407.17K,0.014
30-Jun-20,39.27,39.64,40.08,38.85,370.06K,-0.0108
29-Jun-20,39.7,37.96,39.89,37.5,343.91K,0.0314
26-Jun-20,38.49,39.09,39.35,37.79,356.71K,-0.0059
25-Jun-20,38.72,38.05,39.23,37.08,451.64K,0.0187
24-Jun-20,38.01,39.99,40.54,37.31,499.49K,-0.0585
23-Jun-20,40.37,40.68,41.63,39.76,368.73K,-0.0022
22-Jun-20,40.46,39.18,40.7,39.12,29.89K,0.0179
19-Jun-20,39.75,38.85,40.49,38.4,64.11K,0.0234
18-Jun-20,38.84,37.74,38.97,37.11,113.38K,0.0232
17-Jun-20,37.96,37.93,38.75,37.21,239.52K,-0.0109
16-Jun-20,38.38,37.05,39.06,36.38,366.32K,0.0339
15-Jun-20,37.12,36.03,37.26,34.36,387.55K,0.0237
12-Jun-20,36.26,36.26,36.99,34.48,406.51K,-0.0022
11-Jun-20,36.34,39.09,39.09,35.41,513.91K,-0.0823
10-Jun-20,39.6,38.5,39.91,37.73,385.87K,0.0169
9-Jun-20,38.94,38.22,39.1,37.07,396.03K,0.0196
8-Jun-20,38.19,39.41,40.44,37.96,416.64K,-0.0344
5-Jun-20,39.55,37.33,39.68,37.05,396.86K,0.0572
4-Jun-20,37.41,36.76,37.62,36.38,307.61K,0.0032
3-Jun-20,37.29,36.86,38.18,35.88,494.25K,0.013
2-Jun-20,36.81,35.56,37.06,35.28,343.48K,0.0387
1-Jun-20,35.44,35.21,35.9,34.27,385.71K,-0.0014
29-May-20,35.49,33.68,35.77,32.36,443.65K,0.0528
28-May-20,33.71,32.1,34.21,31.14,440.17K,0.0274
27-May-20,32.81,34.14,34.32,31.75,415.25K,-0.0448
26-May-20,34.35,33.3,34.81,32.48,466.74K,0.0127
25-May-20,33.92,32.92,34.18,32.72,-,0.031
24-May-20,32.9,33.38,33.42,32.5,-,-0.0105
22-May-20,33.25,33.95,34,30.72,429.04K,-0.0198
21-May-20,33.92,33.53,34.66,33.26,372.81K,0.0128
20-May-20,33.49,31.89,33.78,31.56,406.43K,0.0305
19-May-20,32.5,32.83,33.44,31.34,36.07K,0.0214
18-May-20,31.82,29.53,33.32,29.53,89.38K,0.0812
15-May-20,29.43,27.64,29.92,27.24,108.02K,0.0679
14-May-20,27.56,25.56,27.96,25.18,160.51K,0.0898
13-May-20,25.29,25.3,26.45,24.79,150.86K,-0.019
12-May-20,25.78,24.49,26.23,24.22,212.34K,0.0679
11-May-20,24.14,24.49,25.58,23.67,179.59K,-0.0243
8-May-20,24.74,23.35,24.99,23.26,205.18K,0.0505
7-May-20,23.55,24.09,26.74,22.94,310.26K,-0.0183
6-May-20,23.99,25.52,26.08,22.58,381.17K,-0.0232
5-May-20,24.56,21.24,25.49,21.13,387.24K,0.2045
4-May-20,20.39,19.11,21.42,18.05,311.49K,0.0308
1-May-20,19.78,19.04,20.48,18.07,403.20K,0.0499
30-Apr-20,18.84,15.64,19.44,15.45,545.34K,0.251
29-Apr-20,15.06,13.35,16.78,12.67,554.13K,0.2204
28-Apr-20,12.34,12.96,13.69,10.07,897.09K,-0.0344
27-Apr-20,12.78,16.84,16.98,11.88,623.20K,-0.2456
24-Apr-20,16.94,16.78,17.97,15.64,600.22K,0.0267
23-Apr-20,16.5,14.2,18.26,13.35,833.58K,0.1974
22-Apr-20,13.78,13.12,16.18,10.26,1.24M,0.3766
21-Apr-20,10.01,-14,13.86,-16.74,18.44K,-1.266
20-Apr-20,-37.63,17.73,17.85,-40.32,247.95K,-3.0597
17-Apr-20,18.27,20,20.22,17.31,240.63K,-0.0805
16-Apr-20,19.87,20.15,20.53,19.42,350.94K,0
15-Apr-20,19.87,20.72,20.89,19.2,544.80K,-0.0119